,Contest Title,Party,Candidate,ABSENTEE 1-40,ABSENTEE 41-54,ASBURY KENT COMMUNITY CTR,BLUE RIDGE BAPTIST,BUYCK FIRE DEPT,CAINS CHAPEL LIFE CTR,COOSADA TOWN HALL,CRENSHAW PARK,DEATSVILLE VOL FIRE,ECLECTIC METHODIST CHURCH,FAIN PARK COMMUNITY CTR,FRIENDSHIP COMMUNITY CTR,GOD'S CONGREGATION CHURCH,KOWALIGA FIRE DEPT,MILLBROOK CIVIC CTR,MULDER METHODIST,NAZARENE,NEW HOME BAPTIST CHURCH,NEW HOPE BAPTIST,PROVISIONAL 1-40,PROVISIONAL 41-54,REDHILL COMMUNITY CTR,ROCK SPRINGS VOTING HOUSE,RUSHENVILLE BAPTIST,SANTUCK COMMUNITY CTR,SEMAN COMMUNITY HOUSE,TALLAWEKA BAPTIST CHURCH,TITUS COMMUNITY CTR,VICTORY BAPTIST,WALLSBORO COMMUNITY CTR,WEOKA COMMUNITY CTR,WETUMPKA CIVIC CTR
0,REGISTERED VOTERS - TOTAL                               ,   ,Registered Voters - Total             ,0.0,0.0,1278.0,1326.0,1314.0,2684.0,1131.0,962.0,1609.0,1275.0,3143.0,880.0,395.0,1020.0,4042.0,5776.0,7048.0,1810.0,1030.0,0.0,0.0,649.0,668.0,1093.0,179.0,1224.0,2456.0,483.0,3075.0,1618.0,686.0,3554.0
1,BALLOTS CAST - TOTAL                                    ,   ,Ballots Cast - Total                  ,748.0,636.0,904.0,984.0,925.0,1869.0,743.0,545.0,1108.0,879.0,1940.0,595.0,207.0,740.0,2417.0,4050.0,4567.0,1131.0,707.0,12.0,11.0,484.0,474.0,770.0,1258.0,819.0,1564.0,347.0,1972.0,1136.0,502.0,2410.0
2,STRAIGHT PARTY                                          ,DEM,Alabama Democratic Party              ,177.0,84.0,61.0,55.0,37.0,69.0,196.0,197.0,103.0,140.0,463.0,87.0,143.0,50.0,566.0,363.0,501.0,159.0,11.0,0.0,0.0,13.0,72.0,25.0,151.0,30.0,164.0,30.0,263.0,168.0,24.0,246.0
3,STRAIGHT PARTY                                          ,REP,Alabama Republican Party              ,192.0,230.0,299.0,319.0,298.0,672.0,186.0,78.0,296.0,244.0,376.0,185.0,13.0,226.0,562.0,1081.0,1189.0,348.0,242.0,0.0,0.0,159.0,148.0,248.0,357.0,288.0,528.0,105.0,517.0,287.0,165.0,718.0
4,STRAIGHT PARTY                                          ,   ,Over Votes                            ,0.0,0.0,0.0,0.0,0.0,2.0,0.0,1.0,0.0,0.0,1.0,0.0,0.0,1.0,0.0,1.0,1.0,0.0,1.0,0.0,0.0,0.0,0.0,0.0,0.0,0.0,0.0,0.0,1.0,2.0,0.0,1.0
5,STRAIGHT PARTY                                          ,   ,Under Votes                           ,379.0,322.0,544.0,610.0,590.0,1126.0,361.0,269.0,709.0,495.0,1100.0,323.0,51.0,463.0,1289.0,2605.0,2876.0,624.0,453.0,0.0,0.0,312.0,254.0,497.0,750.0,501.0,872.0,212.0,1191.0,679.0,313.0,1445.0
6,PRESIDENT AND VICE PRESIDENT OF THE UNITED STATES       ,DEM,Hillary Rodham Clinton                ,310.0,175.0,102.0,131.0,93.0,167.0,322.0,335.0,213.0,222.0,759.0,141.0,170.0,93.0,981.0,773.0,1003.0,253.0,32.0,2.0,5.0,54.0,107.0,55.0,257.0,65.0,259.0,52.0,487.0,306.0,46.0,473.0
7,PRESIDENT AND VICE PRESIDENT OF THE UNITED STATES       ,REP,Donald J. Trump                       ,425.0,461.0,776.0,801.0,808.0,1645.0,402.0,190.0,846.0,623.0,1077.0,436.0,31.0,622.0,1340.0,3091.0,3376.0,848.0,660.0,10.0,5.0,416.0,351.0,688.0,950.0,731.0,1247.0,281.0,1414.0,785.0,444.0,1854.0
8,PRESIDENT AND VICE PRESIDENT OF THE UNITED STATES       ,IND,Gary Johnson                          ,17.0,15.0,15.0,29.0,12.0,32.0,10.0,8.0,30.0,15.0,46.0,8.0,6.0,12.0,60.0,97.0,110.0,14.0,5.0,0.0,0.0,7.0,3.0,14.0,25.0,15.0,29.0,9.0,29.0,19.0,4.0,43.0
9,PRESIDENT AND VICE PRESIDENT OF THE UNITED STATES       ,IND,Jill Stein                            ,0.0,4.0,1.0,3.0,3.0,4.0,2.0,1.0,3.0,0.0,9.0,1.0,0.0,2.0,5.0,16.0,11.0,8.0,2.0,0.0,0.0,2.0,1.0,1.0,4.0,1.0,3.0,1.0,9.0,6.0,6.0,3.0
10,PRESIDENT AND VICE PRESIDENT OF THE UNITED STATES       ,NON,Write-In                              ,7.0,3.0,6.0,12.0,3.0,15.0,3.0,2.0,12.0,5.0,25.0,8.0,0.0,4.0,25.0,56.0,41.0,5.0,3.0,0.0,1.0,4.0,5.0,9.0,11.0,3.0,10.0,3.0,21.0,11.0,0.0,20.0
11,PRESIDENT AND VICE PRESIDENT OF THE UNITED STATES       ,   ,Over Votes                            ,2.0,0.0,3.0,1.0,2.0,2.0,2.0,5.0,2.0,10.0,12.0,1.0,0.0,5.0,1.0,8.0,8.0,0.0,2.0,0.0,0.0,0.0,3.0,1.0,3.0,1.0,12.0,0.0,5.0,6.0,0.0,6.0
12,PRESIDENT AND VICE PRESIDENT OF THE UNITED STATES       ,   ,Under Votes                           ,7.0,4.0,1.0,7.0,4.0,4.0,2.0,4.0,2.0,4.0,12.0,0.0,0.0,2.0,5.0,9.0,18.0,3.0,3.0,0.0,0.0,1.0,4.0,2.0,8.0,3.0,4.0,1.0,7.0,3.0,2.0,11.0
13,UNITED STATES SENATOR                                   ,DEM,Ron Crumpton                          ,289.0,181.0,112.0,143.0,116.0,196.0,297.0,314.0,242.0,214.0,767.0,149.0,159.0,111.0,979.0,861.0,1074.0,259.0,48.0,3.0,5.0,58.0,113.0,57.0,272.0,84.0,286.0,61.0,521.0,326.0,56.0,480.0
14,UNITED STATES SENATOR                                   ,REP,Richard C. Shelby                     ,438.0,463.0,769.0,821.0,786.0,1638.0,407.0,187.0,842.0,626.0,1103.0,433.0,39.0,617.0,1371.0,3094.0,3357.0,821.0,641.0,8.0,5.0,417.0,352.0,688.0,951.0,714.0,1250.0,278.0,1400.0,771.0,436.0,1868.0
15,UNITED STATES SENATOR                                   ,NON,Write-In                              ,1.0,2.0,2.0,5.0,0.0,2.0,1.0,1.0,3.0,7.0,4.0,1.0,0.0,0.0,5.0,16.0,16.0,4.0,1.0,0.0,0.0,2.0,0.0,4.0,2.0,4.0,2.0,1.0,5.0,2.0,0.0,9.0
16,UNITED STATES SENATOR                                   ,   ,Over Votes                            ,1.0,0.0,1.0,0.0,0.0,0.0,0.0,1.0,0.0,2.0,5.0,1.0,0.0,0.0,1.0,2.0,8.0,1.0,1.0,0.0,0.0,0.0,0.0,0.0,0.0,0.0,1.0,0.0,1.0,3.0,0.0,1.0
17,UNITED STATES SENATOR                                   ,   ,Under Votes                           ,36.0,12.0,20.0,15.0,23.0,33.0,38.0,42.0,21.0,30.0,61.0,11.0,9.0,12.0,61.0,77.0,112.0,46.0,16.0,1.0,1.0,7.0,9.0,21.0,33.0,17.0,25.0,7.0,45.0,34.0,10.0,52.0
18,"UNITED STATES REPRESENTATIVE, 2ND CONGRESSIONAL DISTRICT",DEM,Nathan Mathis                         ,302.0,195.0,171.0,183.0,186.0,325.0,308.0,313.0,298.0,250.0,836.0,167.0,164.0,158.0,1065.0,1032.0,1277.0,313.0,101.0,4.0,4.0,95.0,128.0,110.0,335.0,122.0,392.0,82.0,608.0,367.0,90.0,592.0
19,"UNITED STATES REPRESENTATIVE, 2ND CONGRESSIONAL DISTRICT",REP,Martha Roby                           ,377.0,381.0,576.0,598.0,530.0,1161.0,322.0,154.0,642.0,476.0,822.0,350.0,27.0,471.0,1092.0,2275.0,2510.0,611.0,443.0,6.0,5.0,308.0,260.0,473.0,698.0,519.0,951.0,189.0,1083.0,543.0,285.0,1381.0
20,"UNITED STATES REPRESENTATIVE, 2ND CONGRESSIONAL DISTRICT",NON,Write-In                              ,37.0,51.0,112.0,164.0,155.0,303.0,63.0,27.0,117.0,101.0,210.0,48.0,5.0,75.0,165.0,552.0,577.0,154.0,124.0,1.0,1.0,60.0,63.0,134.0,168.0,138.0,151.0,58.0,197.0,162.0,99.0,339.0
21,"UNITED STATES REPRESENTATIVE, 2ND CONGRESSIONAL DISTRICT",   ,Over Votes                            ,0.0,1.0,1.0,0.0,0.0,5.0,1.0,2.0,1.0,2.0,4.0,0.0,0.0,0.0,0.0,2.0,9.0,0.0,2.0,0.0,0.0,0.0,1.0,2.0,1.0,2.0,2.0,1.0,0.0,1.0,2.0,2.0
22,"UNITED STATES REPRESENTATIVE, 2ND CONGRESSIONAL DISTRICT",   ,Under Votes                           ,47.0,29.0,44.0,39.0,54.0,75.0,49.0,49.0,50.0,50.0,68.0,30.0,11.0,36.0,95.0,189.0,194.0,53.0,37.0,1.0,1.0,21.0,22.0,51.0,56.0,38.0,68.0,17.0,84.0,63.0,26.0,96.0
23,"ASSOCIATE JUSTICE OF THE SUPREME COURT, PLACE 1         ",REP,"Michael F. ""Mike"" Bolin               ",436.0,472.0,739.0,789.0,731.0,1579.0,420.0,211.0,877.0,598.0,1159.0,444.0,54.0,585.0,1482.0,3046.0,3413.0,820.0,610.0,8.0,6.0,398.0,349.0,651.0,940.0,697.0,1222.0,260.0,1445.0,790.0,409.0,1876.0
24,"ASSOCIATE JUSTICE OF THE SUPREME COURT, PLACE 1         ",NON,Write-In                              ,4.0,6.0,12.0,4.0,6.0,12.0,12.0,9.0,17.0,22.0,38.0,14.0,4.0,9.0,66.0,56.0,78.0,15.0,2.0,0.0,0.0,1.0,8.0,2.0,11.0,5.0,24.0,4.0,38.0,22.0,12.0,32.0
25,"ASSOCIATE JUSTICE OF THE SUPREME COURT, PLACE 1         ",   ,Over Votes                            ,0.0,0.0,1.0,0.0,0.0,0.0,0.0,0.0,0.0,1.0,4.0,0.0,0.0,0.0,0.0,2.0,0.0,0.0,0.0,0.0,0.0,0.0,0.0,0.0,0.0,0.0,1.0,0.0,0.0,0.0,0.0,1.0
26,"ASSOCIATE JUSTICE OF THE SUPREME COURT, PLACE 1         ",   ,Under Votes                           ,319.0,164.0,152.0,191.0,188.0,278.0,311.0,325.0,214.0,258.0,739.0,137.0,149.0,146.0,869.0,946.0,1076.0,296.0,95.0,4.0,5.0,85.0,117.0,117.0,307.0,117.0,317.0,83.0,489.0,324.0,81.0,501.0
27,"ASSOCIATE JUSTICE OF THE SUPREME COURT, PLACE 2         ",REP,Kelli Wise                            ,434.0,474.0,738.0,788.0,729.0,1574.0,423.0,214.0,888.0,599.0,1159.0,445.0,52.0,589.0,1497.0,3063.0,3438.0,821.0,602.0,7.0,6.0,400.0,352.0,650.0,945.0,694.0,1217.0,254.0,1446.0,788.0,408.0,1883.0
28,"ASSOCIATE JUSTICE OF THE SUPREME COURT, PLACE 2         ",NON,Write-In                              ,5.0,4.0,11.0,4.0,2.0,11.0,8.0,6.0,12.0,19.0,40.0,12.0,4.0,9.0,61.0,47.0,70.0,17.0,1.0,0.0,0.0,0.0,8.0,2.0,11.0,5.0,22.0,5.0,39.0,21.0,10.0,27.0
29,"ASSOCIATE JUSTICE OF THE SUPREME COURT, PLACE 2         ",   ,Over Votes                            ,0.0,0.0,0.0,0.0,0.0,0.0,0.0,0.0,0.0,0.0,0.0,0.0,0.0,0.0,0.0,0.0,1.0,0.0,0.0,0.0,0.0,0.0,0.0,0.0,0.0,0.0,0.0,0.0,0.0,0.0,0.0,0.0
30,"ASSOCIATE JUSTICE OF THE SUPREME COURT, PLACE 2         ",   ,Under Votes                           ,320.0,164.0,155.0,192.0,194.0,284.0,312.0,325.0,208.0,261.0,741.0,138.0,151.0,142.0,859.0,940.0,1058.0,293.0,104.0,5.0,5.0,84.0,114.0,118.0,302.0,120.0,325.0,88.0,487.0,327.0,84.0,500.0
31,"ASSOCIATE JUSTICE OF THE SUPREME COURT, PLACE 3         ",REP,Tom Parker                            ,432.0,466.0,740.0,778.0,712.0,1557.0,417.0,208.0,881.0,603.0,1150.0,448.0,55.0,585.0,1486.0,3033.0,3405.0,817.0,605.0,7.0,6.0,398.0,350.0,647.0,942.0,688.0,1223.0,256.0,1438.0,780.0,412.0,1851.0
32,"ASSOCIATE JUSTICE OF THE SUPREME COURT, PLACE 3         ",NON,Write-In                              ,6.0,7.0,13.0,7.0,6.0,14.0,10.0,8.0,10.0,19.0,43.0,15.0,4.0,9.0,62.0,59.0,74.0,16.0,1.0,0.0,0.0,2.0,6.0,4.0,10.0,8.0,19.0,1.0,40.0,19.0,9.0,24.0
33,"ASSOCIATE JUSTICE OF THE SUPREME COURT, PLACE 3         ",   ,Over Votes                            ,0.0,0.0,0.0,0.0,0.0,0.0,0.0,1.0,0.0,0.0,0.0,0.0,0.0,0.0,0.0,0.0,2.0,0.0,0.0,0.0,0.0,0.0,0.0,0.0,0.0,1.0,0.0,0.0,0.0,0.0,0.0,0.0
34,"ASSOCIATE JUSTICE OF THE SUPREME COURT, PLACE 3         ",   ,Under Votes                           ,321.0,169.0,151.0,199.0,207.0,298.0,316.0,328.0,217.0,257.0,747.0,132.0,148.0,146.0,869.0,958.0,1086.0,298.0,101.0,5.0,5.0,84.0,118.0,119.0,306.0,122.0,322.0,90.0,494.0,337.0,81.0,535.0
35,"PRESIDENT, PUBLIC SERVICE COMMISSION                    ",REP,Twinkle Andress Cavanaugh             ,437.0,456.0,736.0,771.0,734.0,1554.0,425.0,216.0,866.0,615.0,1147.0,444.0,55.0,586.0,1477.0,3026.0,3377.0,830.0,614.0,9.0,6.0,404.0,355.0,653.0,940.0,689.0,1235.0,252.0,1430.0,770.0,405.0,1852.0
36,"PRESIDENT, PUBLIC SERVICE COMMISSION                    ",NON,Write-In                              ,5.0,22.0,15.0,18.0,8.0,18.0,12.0,8.0,21.0,18.0,55.0,14.0,6.0,11.0,87.0,89.0,118.0,19.0,8.0,0.0,0.0,2.0,7.0,8.0,15.0,7.0,30.0,2.0,57.0,26.0,12.0,48.0
37,"PRESIDENT, PUBLIC SERVICE COMMISSION                    ",   ,Over Votes                            ,0.0,0.0,0.0,0.0,0.0,0.0,0.0,0.0,0.0,0.0,0.0,0.0,0.0,0.0,0.0,0.0,0.0,0.0,0.0,0.0,0.0,0.0,0.0,0.0,0.0,0.0,0.0,0.0,0.0,0.0,0.0,0.0
38,"PRESIDENT, PUBLIC SERVICE COMMISSION                    ",   ,Under Votes                           ,316.0,164.0,153.0,195.0,183.0,297.0,306.0,321.0,221.0,246.0,738.0,137.0,146.0,143.0,853.0,935.0,1072.0,282.0,85.0,3.0,5.0,78.0,112.0,109.0,303.0,123.0,299.0,93.0,485.0,340.0,85.0,510.0
39,STATE BOARD OF EDUCATION MEMBER DISTRICT 3              ,DEM,Jarralynne Agee                       ,257.0,149.0,99.0,118.0,88.0,158.0,285.0,279.0,231.0,209.0,726.0,139.0,156.0,99.0,778.0,738.0,959.0,245.0,37.0,2.0,4.0,49.0,99.0,56.0,246.0,66.0,258.0,47.0,466.0,291.0,48.0,442.0
40,STATE BOARD OF EDUCATION MEMBER DISTRICT 3              ,REP,Stephanie Bell                        ,406.0,476.0,752.0,810.0,763.0,1624.0,409.0,199.0,828.0,605.0,1094.0,431.0,42.0,598.0,1171.0,3090.0,3331.0,816.0,630.0,8.0,6.0,415.0,352.0,664.0,938.0,700.0,1228.0,278.0,1418.0,771.0,425.0,1844.0
41,STATE BOARD OF EDUCATION MEMBER DISTRICT 3              ,NON,Write-In                              ,1.0,0.0,1.0,0.0,0.0,2.0,0.0,0.0,0.0,3.0,5.0,3.0,0.0,0.0,2.0,7.0,5.0,1.0,1.0,0.0,0.0,0.0,2.0,2.0,1.0,2.0,4.0,0.0,1.0,2.0,1.0,6.0
42,STATE BOARD OF EDUCATION MEMBER DISTRICT 3              ,   ,Over Votes                            ,0.0,0.0,2.0,1.0,0.0,1.0,1.0,1.0,0.0,1.0,2.0,0.0,0.0,1.0,0.0,2.0,3.0,0.0,0.0,0.0,0.0,0.0,0.0,0.0,0.0,0.0,3.0,0.0,0.0,0.0,1.0,0.0
43,STATE BOARD OF EDUCATION MEMBER DISTRICT 3              ,   ,Under Votes                           ,62.0,29.0,50.0,55.0,74.0,84.0,48.0,66.0,49.0,61.0,113.0,22.0,9.0,42.0,104.0,213.0,269.0,69.0,39.0,2.0,1.0,20.0,21.0,48.0,73.0,51.0,71.0,22.0,87.0,72.0,27.0,118.0
44,STATE BOARD OF EDUCATION MEMBER DISTRICT 5              ,DEM,Ella B. Bell                          ,24.0,,,,,,,,,,,,,,223.0,,,,,0.0,,,,,,,,,,,,
45,STATE BOARD OF EDUCATION MEMBER DISTRICT 5              ,NON,Write-In                              ,0.0,,,,,,,,,,,,,,13.0,,,,,0.0,,,,,,,,,,,,
46,STATE BOARD OF EDUCATION MEMBER DISTRICT 5              ,   ,Over Votes                            ,0.0,,,,,,,,,,,,,,0.0,,,,,0.0,,,,,,,,,,,,
47,STATE BOARD OF EDUCATION MEMBER DISTRICT 5              ,   ,Under Votes                           ,9.0,,,,,,,,,,,,,,126.0,,,,,0.0,,,,,,,,,,,,
48,"CIRCUIT COURT JUDGE, 19TH JUDICIAL CIRCUIT, PLACE 2     ",REP,Ben Fuller                            ,415.0,456.0,717.0,754.0,745.0,1564.0,408.0,193.0,788.0,568.0,1052.0,425.0,43.0,569.0,1313.0,2879.0,3108.0,807.0,602.0,8.0,6.0,395.0,331.0,636.0,898.0,667.0,1178.0,267.0,1314.0,736.0,409.0,1783.0
49,"CIRCUIT COURT JUDGE, 19TH JUDICIAL CIRCUIT, PLACE 2     ",IND,Karen H. Jackson                      ,165.0,113.0,100.0,133.0,99.0,187.0,138.0,163.0,234.0,166.0,499.0,88.0,57.0,77.0,611.0,661.0,869.0,188.0,59.0,2.0,1.0,57.0,79.0,85.0,179.0,90.0,212.0,48.0,401.0,231.0,48.0,371.0
50,"CIRCUIT COURT JUDGE, 19TH JUDICIAL CIRCUIT, PLACE 2     ",NON,Write-In                              ,1.0,1.0,0.0,0.0,0.0,1.0,4.0,0.0,2.0,5.0,11.0,3.0,4.0,1.0,16.0,10.0,19.0,3.0,0.0,0.0,0.0,1.0,0.0,0.0,6.0,1.0,12.0,0.0,4.0,6.0,0.0,9.0
51,"CIRCUIT COURT JUDGE, 19TH JUDICIAL CIRCUIT, PLACE 2     ",   ,Over Votes                            ,2.0,0.0,1.0,1.0,0.0,1.0,0.0,1.0,1.0,1.0,4.0,0.0,0.0,1.0,3.0,2.0,4.0,0.0,0.0,0.0,0.0,0.0,0.0,0.0,0.0,1.0,1.0,1.0,2.0,0.0,1.0,3.0
52,"CIRCUIT COURT JUDGE, 19TH JUDICIAL CIRCUIT, PLACE 2     ",   ,Under Votes                           ,175.0,79.0,86.0,96.0,81.0,116.0,193.0,188.0,83.0,139.0,374.0,79.0,103.0,92.0,474.0,498.0,567.0,133.0,46.0,2.0,4.0,31.0,64.0,49.0,175.0,60.0,161.0,31.0,251.0,163.0,44.0,244.0
53,"CIRCUIT COURT JUDGE, 19TH JUDICIAL CIRCUIT, PLACE 3     ",REP,Sibley Reynolds                       ,436.0,465.0,739.0,771.0,719.0,1557.0,419.0,213.0,862.0,599.0,1147.0,444.0,56.0,575.0,1467.0,3016.0,3366.0,820.0,599.0,7.0,6.0,397.0,351.0,647.0,931.0,676.0,1221.0,262.0,1428.0,776.0,408.0,1846.0
54,"CIRCUIT COURT JUDGE, 19TH JUDICIAL CIRCUIT, PLACE 3     ",NON,Write-In                              ,5.0,7.0,10.0,7.0,4.0,14.0,12.0,9.0,16.0,24.0,40.0,12.0,8.0,6.0,59.0,44.0,73.0,14.0,2.0,0.0,0.0,2.0,11.0,3.0,10.0,5.0,28.0,1.0,44.0,20.0,9.0,29.0
55,"CIRCUIT COURT JUDGE, 19TH JUDICIAL CIRCUIT, PLACE 3     ",   ,Over Votes                            ,0.0,0.0,0.0,0.0,0.0,0.0,0.0,0.0,0.0,0.0,0.0,0.0,0.0,0.0,0.0,0.0,0.0,0.0,0.0,0.0,0.0,0.0,0.0,0.0,0.0,0.0,0.0,0.0,0.0,0.0,0.0,1.0
56,"CIRCUIT COURT JUDGE, 19TH JUDICIAL CIRCUIT, PLACE 3     ",   ,Under Votes                           ,315.0,170.0,155.0,206.0,202.0,298.0,312.0,323.0,230.0,256.0,753.0,139.0,143.0,159.0,891.0,990.0,1128.0,297.0,106.0,5.0,5.0,85.0,112.0,120.0,317.0,138.0,315.0,84.0,500.0,340.0,85.0,534.0
57,"DISTRICT ATTORNEY, 19TH JUDICIAL CIRCUIT                ",REP,Randall V. Houston                    ,443.0,473.0,755.0,812.0,752.0,1585.0,445.0,225.0,876.0,617.0,1206.0,454.0,59.0,591.0,1509.0,3092.0,3451.0,844.0,610.0,8.0,6.0,409.0,369.0,661.0,963.0,696.0,1252.0,267.0,1460.0,820.0,421.0,1907.0
58,"DISTRICT ATTORNEY, 19TH JUDICIAL CIRCUIT                ",NON,Write-In                              ,6.0,4.0,8.0,5.0,4.0,13.0,8.0,9.0,18.0,27.0,43.0,9.0,7.0,6.0,58.0,52.0,75.0,12.0,3.0,0.0,0.0,2.0,11.0,4.0,13.0,3.0,20.0,2.0,36.0,19.0,8.0,26.0
59,"DISTRICT ATTORNEY, 19TH JUDICIAL CIRCUIT                ",   ,Over Votes                            ,1.0,0.0,0.0,0.0,1.0,0.0,0.0,0.0,0.0,0.0,0.0,0.0,0.0,0.0,0.0,0.0,5.0,1.0,0.0,0.0,0.0,0.0,0.0,0.0,0.0,0.0,0.0,0.0,1.0,0.0,0.0,1.0
60,"DISTRICT ATTORNEY, 19TH JUDICIAL CIRCUIT                ",   ,Under Votes                           ,306.0,165.0,141.0,167.0,168.0,271.0,290.0,311.0,214.0,235.0,691.0,132.0,141.0,143.0,850.0,906.0,1036.0,274.0,94.0,4.0,5.0,73.0,94.0,105.0,282.0,120.0,292.0,78.0,475.0,297.0,73.0,476.0
61,PROPOSED STATEWIDE AMENDMENT NUMBER ONE (1)             ,NON,Yes-Statewide Amendment               ,351.0,354.0,490.0,484.0,403.0,927.0,366.0,274.0,612.0,436.0,1018.0,330.0,104.0,377.0,1347.0,2080.0,2396.0,551.0,326.0,5.0,5.0,224.0,259.0,372.0,603.0,347.0,840.0,159.0,1055.0,534.0,212.0,1244.0
62,PROPOSED STATEWIDE AMENDMENT NUMBER ONE (1)             ,NON,No-Statewide Amendment                ,154.0,116.0,244.0,312.0,316.0,563.0,166.0,110.0,298.0,204.0,507.0,150.0,31.0,220.0,575.0,1204.0,1249.0,338.0,227.0,3.0,1.0,150.0,136.0,249.0,367.0,261.0,448.0,121.0,545.0,344.0,183.0,694.0
63,PROPOSED STATEWIDE AMENDMENT NUMBER ONE (1)             ,   ,Over Votes                            ,0.0,1.0,3.0,0.0,2.0,1.0,0.0,1.0,0.0,0.0,0.0,0.0,0.0,0.0,0.0,0.0,0.0,0.0,1.0,0.0,0.0,0.0,0.0,0.0,0.0,0.0,0.0,0.0,1.0,1.0,0.0,2.0
64,PROPOSED STATEWIDE AMENDMENT NUMBER ONE (1)             ,   ,Under Votes                           ,253.0,134.0,167.0,188.0,204.0,378.0,211.0,160.0,198.0,239.0,415.0,115.0,72.0,143.0,495.0,766.0,922.0,242.0,153.0,4.0,5.0,110.0,79.0,149.0,288.0,211.0,276.0,67.0,371.0,257.0,107.0,470.0
65,PROPOSED STATEWIDE AMENDMENT NUMBER TWO (2)             ,NON,Yes-Statewide Amendment               ,394.0,393.0,591.0,632.0,579.0,1260.0,425.0,317.0,766.0,558.0,1256.0,403.0,99.0,496.0,1547.0,2640.0,2984.0,721.0,454.0,5.0,5.0,309.0,305.0,527.0,761.0,514.0,1022.0,212.0,1338.0,727.0,317.0,1576.0
66,PROPOSED STATEWIDE AMENDMENT NUMBER TWO (2)             ,NON,No-Statewide Amendment                ,160.0,117.0,218.0,239.0,232.0,392.0,146.0,97.0,224.0,169.0,388.0,117.0,38.0,173.0,488.0,910.0,975.0,242.0,160.0,3.0,1.0,116.0,112.0,159.0,299.0,173.0,369.0,93.0,415.0,248.0,135.0,538.0
67,PROPOSED STATEWIDE AMENDMENT NUMBER TWO (2)             ,   ,Over Votes                            ,0.0,0.0,1.0,1.0,0.0,2.0,0.0,0.0,0.0,1.0,2.0,0.0,0.0,1.0,2.0,1.0,3.0,0.0,0.0,0.0,0.0,0.0,0.0,0.0,0.0,0.0,0.0,0.0,2.0,1.0,0.0,2.0
68,PROPOSED STATEWIDE AMENDMENT NUMBER TWO (2)             ,   ,Under Votes                           ,205.0,102.0,94.0,112.0,114.0,215.0,172.0,131.0,118.0,151.0,294.0,75.0,70.0,70.0,380.0,499.0,605.0,168.0,93.0,4.0,5.0,59.0,57.0,84.0,198.0,132.0,173.0,42.0,217.0,160.0,50.0,294.0
69,PROPOSED STATEWIDE AMENDMENT NUMBER THREE (3)           ,NON,Yes-Statewide Amendment               ,229.0,241.0,329.0,374.0,307.0,686.0,256.0,160.0,477.0,301.0,700.0,257.0,61.0,287.0,994.0,1564.0,1791.0,415.0,224.0,3.0,3.0,173.0,182.0,256.0,447.0,255.0,572.0,125.0,792.0,398.0,160.0,928.0
70,PROPOSED STATEWIDE AMENDMENT NUMBER THREE (3)           ,NON,No-Statewide Amendment                ,206.0,175.0,361.0,362.0,384.0,717.0,216.0,199.0,386.0,290.0,739.0,206.0,66.0,264.0,809.0,1476.0,1644.0,425.0,291.0,5.0,3.0,190.0,179.0,323.0,473.0,314.0,626.0,151.0,708.0,434.0,224.0,911.0
71,PROPOSED STATEWIDE AMENDMENT NUMBER THREE (3)           ,   ,Over Votes                            ,1.0,0.0,1.0,0.0,1.0,0.0,0.0,0.0,0.0,0.0,1.0,0.0,0.0,1.0,1.0,1.0,2.0,1.0,0.0,0.0,0.0,1.0,0.0,3.0,1.0,2.0,0.0,0.0,1.0,0.0,0.0,0.0
72,PROPOSED STATEWIDE AMENDMENT NUMBER THREE (3)           ,   ,Under Votes                           ,323.0,179.0,213.0,248.0,233.0,466.0,271.0,186.0,245.0,288.0,500.0,132.0,80.0,188.0,613.0,1009.0,1130.0,290.0,192.0,4.0,5.0,120.0,113.0,188.0,337.0,248.0,366.0,71.0,471.0,304.0,118.0,571.0
73,PROPOSED STATEWIDE AMENDMENT NUMBER FOUR (4)            ,NON,Yes-Statewide Amendment               ,345.0,304.0,388.0,440.0,341.0,882.0,338.0,254.0,551.0,374.0,985.0,298.0,92.0,346.0,1271.0,1919.0,2261.0,502.0,283.0,5.0,5.0,210.0,222.0,318.0,546.0,313.0,751.0,148.0,1037.0,503.0,187.0,1135.0
74,PROPOSED STATEWIDE AMENDMENT NUMBER FOUR (4)            ,NON,No-Statewide Amendment                ,130.0,139.0,326.0,334.0,360.0,582.0,167.0,122.0,345.0,256.0,503.0,176.0,34.0,244.0,594.0,1253.0,1309.0,369.0,247.0,2.0,0.0,163.0,151.0,291.0,417.0,289.0,499.0,137.0,513.0,368.0,221.0,787.0
75,PROPOSED STATEWIDE AMENDMENT NUMBER FOUR (4)            ,   ,Over Votes                            ,1.0,0.0,0.0,1.0,2.0,0.0,1.0,1.0,0.0,1.0,5.0,0.0,0.0,0.0,0.0,3.0,2.0,1.0,0.0,0.0,0.0,1.0,0.0,0.0,0.0,0.0,1.0,0.0,1.0,0.0,1.0,0.0
76,PROPOSED STATEWIDE AMENDMENT NUMBER FOUR (4)            ,   ,Under Votes                           ,283.0,153.0,190.0,209.0,222.0,405.0,237.0,168.0,212.0,248.0,447.0,121.0,81.0,150.0,552.0,875.0,995.0,259.0,177.0,5.0,6.0,110.0,101.0,161.0,295.0,217.0,313.0,62.0,421.0,265.0,93.0,488.0
77,PROPOSED STATEWIDE AMENDMENT NUMBER FIVE (5)            ,NON,Yes-Statewide Amendment               ,259.0,262.0,343.0,395.0,301.0,682.0,258.0,145.0,469.0,286.0,698.0,268.0,58.0,284.0,1001.0,1640.0,1872.0,396.0,245.0,2.0,4.0,172.0,186.0,272.0,479.0,256.0,596.0,123.0,838.0,401.0,131.0,907.0
78,PROPOSED STATEWIDE AMENDMENT NUMBER FIVE (5)            ,NON,No-Statewide Amendment                ,194.0,171.0,346.0,349.0,388.0,720.0,230.0,218.0,406.0,315.0,756.0,189.0,67.0,273.0,805.0,1436.0,1573.0,449.0,275.0,5.0,1.0,181.0,185.0,318.0,452.0,324.0,600.0,149.0,671.0,453.0,244.0,931.0
79,PROPOSED STATEWIDE AMENDMENT NUMBER FIVE (5)            ,   ,Over Votes                            ,0.0,0.0,0.0,0.0,0.0,1.0,0.0,0.0,1.0,0.0,1.0,0.0,0.0,0.0,2.0,2.0,3.0,0.0,0.0,0.0,0.0,2.0,0.0,1.0,0.0,0.0,1.0,0.0,3.0,0.0,0.0,1.0
80,PROPOSED STATEWIDE AMENDMENT NUMBER FIVE (5)            ,   ,Under Votes                           ,304.0,170.0,215.0,240.0,236.0,466.0,255.0,182.0,232.0,278.0,485.0,138.0,82.0,183.0,609.0,972.0,1119.0,286.0,187.0,5.0,6.0,129.0,103.0,179.0,327.0,239.0,367.0,75.0,460.0,282.0,127.0,571.0
81,PROPOSED STATEWIDE AMENDMENT NUMBER SIX (6)             ,NON,Yes-Statewide Amendment               ,204.0,208.0,322.0,331.0,305.0,659.0,258.0,151.0,444.0,281.0,684.0,235.0,68.0,264.0,893.0,1466.0,1676.0,391.0,217.0,1.0,1.0,157.0,187.0,278.0,447.0,221.0,571.0,131.0,745.0,391.0,152.0,878.0
82,PROPOSED STATEWIDE AMENDMENT NUMBER SIX (6)             ,NON,No-Statewide Amendment                ,234.0,185.0,348.0,392.0,362.0,710.0,209.0,203.0,393.0,301.0,740.0,208.0,60.0,271.0,885.0,1495.0,1681.0,426.0,284.0,5.0,5.0,201.0,163.0,290.0,457.0,336.0,594.0,129.0,719.0,430.0,214.0,909.0
83,PROPOSED STATEWIDE AMENDMENT NUMBER SIX (6)             ,   ,Over Votes                            ,0.0,0.0,1.0,0.0,0.0,1.0,0.0,2.0,0.0,0.0,2.0,0.0,0.0,0.0,0.0,0.0,3.0,1.0,2.0,0.0,0.0,0.0,0.0,0.0,0.0,0.0,0.0,0.0,0.0,0.0,0.0,0.0
84,PROPOSED STATEWIDE AMENDMENT NUMBER SIX (6)             ,   ,Under Votes                           ,319.0,198.0,233.0,261.0,258.0,499.0,276.0,189.0,271.0,297.0,514.0,152.0,79.0,205.0,639.0,1089.0,1207.0,313.0,204.0,6.0,5.0,126.0,124.0,202.0,354.0,262.0,399.0,87.0,508.0,315.0,136.0,623.0
85,PROPOSED STATEWIDE AMENDMENT NUMBER SEVEN (7)           ,NON,Yes-Statewide Amendment               ,178.0,193.0,266.0,237.0,229.0,540.0,207.0,117.0,366.0,251.0,601.0,197.0,62.0,207.0,808.0,1200.0,1432.0,336.0,194.0,4.0,3.0,141.0,151.0,221.0,358.0,183.0,468.0,88.0,711.0,297.0,104.0,743.0
86,PROPOSED STATEWIDE AMENDMENT NUMBER SEVEN (7)           ,NON,No-Statewide Amendment                ,146.0,117.0,254.0,290.0,280.0,521.0,191.0,192.0,310.0,217.0,578.0,146.0,59.0,197.0,660.0,1076.0,1227.0,333.0,211.0,3.0,1.0,126.0,142.0,223.0,358.0,227.0,451.0,98.0,478.0,332.0,167.0,670.0
87,PROPOSED STATEWIDE AMENDMENT NUMBER SEVEN (7)           ,   ,Over Votes                            ,0.0,0.0,0.0,1.0,1.0,0.0,0.0,1.0,0.0,0.0,0.0,1.0,0.0,0.0,1.0,1.0,1.0,0.0,0.0,0.0,0.0,0.0,0.0,0.0,0.0,0.0,0.0,1.0,0.0,0.0,0.0,2.0
88,PROPOSED STATEWIDE AMENDMENT NUMBER SEVEN (7)           ,   ,Under Votes                           ,432.0,267.0,384.0,456.0,415.0,808.0,345.0,235.0,432.0,411.0,761.0,251.0,86.0,336.0,948.0,1773.0,1907.0,462.0,302.0,5.0,7.0,217.0,181.0,326.0,542.0,409.0,645.0,160.0,783.0,507.0,231.0,995.0
89,PROPOSED STATEWIDE AMENDMENT NUMBER EIGHT (8)           ,NON,Yes-Statewide Amendment               ,349.0,312.0,487.0,542.0,500.0,1025.0,334.0,192.0,661.0,438.0,959.0,317.0,73.0,413.0,1277.0,2200.0,2511.0,575.0,368.0,3.0,4.0,238.0,258.0,428.0,668.0,407.0,861.0,186.0,1154.0,588.0,272.0,1341.0
90,PROPOSED STATEWIDE AMENDMENT NUMBER EIGHT (8)           ,NON,No-Statewide Amendment                ,148.0,151.0,234.0,237.0,233.0,457.0,163.0,178.0,243.0,185.0,539.0,154.0,56.0,166.0,615.0,1008.0,1092.0,309.0,184.0,4.0,1.0,131.0,116.0,184.0,304.0,206.0,385.0,92.0,450.0,294.0,137.0,587.0
91,PROPOSED STATEWIDE AMENDMENT NUMBER EIGHT (8)           ,   ,Over Votes                            ,0.0,0.0,0.0,0.0,1.0,0.0,1.0,1.0,2.0,1.0,3.0,1.0,0.0,0.0,1.0,2.0,2.0,0.0,0.0,0.0,0.0,1.0,0.0,0.0,1.0,0.0,3.0,1.0,2.0,1.0,1.0,5.0
92,PROPOSED STATEWIDE AMENDMENT NUMBER EIGHT (8)           ,   ,Under Votes                           ,262.0,143.0,183.0,205.0,191.0,387.0,245.0,174.0,202.0,255.0,439.0,123.0,78.0,161.0,524.0,840.0,962.0,247.0,155.0,5.0,6.0,114.0,100.0,158.0,285.0,206.0,315.0,68.0,366.0,253.0,92.0,477.0
93,PROPOSED STATEWIDE AMENDMENT NUMBER NINE (9)            ,NON,Yes-Statewide Amendment               ,152.0,174.0,236.0,200.0,192.0,474.0,192.0,113.0,337.0,215.0,528.0,160.0,58.0,174.0,706.0,942.0,1244.0,296.0,187.0,5.0,1.0,109.0,130.0,172.0,276.0,150.0,398.0,73.0,602.0,254.0,104.0,620.0
94,PROPOSED STATEWIDE AMENDMENT NUMBER NINE (9)            ,NON,No-Statewide Amendment                ,165.0,136.0,282.0,315.0,304.0,555.0,184.0,193.0,340.0,225.0,648.0,190.0,61.0,212.0,771.0,1314.0,1403.0,378.0,210.0,2.0,3.0,154.0,147.0,263.0,430.0,251.0,516.0,106.0,592.0,382.0,160.0,792.0
95,PROPOSED STATEWIDE AMENDMENT NUMBER NINE (9)            ,   ,Over Votes                            ,0.0,0.0,0.0,0.0,2.0,0.0,0.0,0.0,0.0,1.0,4.0,0.0,0.0,3.0,1.0,0.0,3.0,0.0,1.0,0.0,0.0,0.0,0.0,0.0,0.0,0.0,0.0,0.0,0.0,1.0,1.0,1.0
96,PROPOSED STATEWIDE AMENDMENT NUMBER NINE (9)            ,   ,Under Votes                           ,439.0,266.0,386.0,469.0,427.0,840.0,367.0,239.0,431.0,438.0,760.0,245.0,88.0,351.0,939.0,1794.0,1917.0,457.0,309.0,5.0,7.0,221.0,197.0,335.0,552.0,418.0,650.0,168.0,778.0,499.0,237.0,997.0
97,PROPOSED STATEWIDE AMENDMENT NUMBER TEN (10)            ,NON,Yes-Statewide Amendment               ,184.0,200.0,264.0,263.0,227.0,535.0,208.0,188.0,382.0,246.0,692.0,208.0,82.0,176.0,840.0,1186.0,1449.0,358.0,185.0,4.0,3.0,115.0,150.0,207.0,351.0,186.0,472.0,89.0,697.0,334.0,116.0,775.0
98,PROPOSED STATEWIDE AMENDMENT NUMBER TEN (10)            ,NON,No-Statewide Amendment                ,137.0,102.0,257.0,234.0,271.0,479.0,158.0,119.0,281.0,202.0,457.0,138.0,35.0,195.0,622.0,1027.0,1168.0,309.0,199.0,3.0,1.0,144.0,139.0,225.0,352.0,220.0,446.0,89.0,478.0,282.0,146.0,619.0
99,PROPOSED STATEWIDE AMENDMENT NUMBER TEN (10)            ,   ,Over Votes                            ,0.0,0.0,0.0,1.0,0.0,1.0,0.0,0.0,0.0,0.0,0.0,0.0,0.0,0.0,0.0,1.0,1.0,1.0,0.0,0.0,0.0,0.0,0.0,0.0,0.0,1.0,0.0,0.0,0.0,0.0,1.0,2.0
100,PROPOSED STATEWIDE AMENDMENT NUMBER TEN (10)            ,   ,Under Votes                           ,435.0,272.0,383.0,486.0,427.0,854.0,377.0,238.0,445.0,431.0,791.0,249.0,90.0,369.0,955.0,1836.0,1949.0,463.0,323.0,5.0,7.0,225.0,185.0,338.0,555.0,412.0,646.0,169.0,797.0,520.0,239.0,1014.0
101,PROPOSED STATEWIDE AMENDMENT NUMBER ELEVEN (11)         ,NON,Yes-Statewide Amendment               ,226.0,244.0,309.0,324.0,252.0,632.0,231.0,209.0,402.0,279.0,758.0,213.0,89.0,232.0,979.0,1344.0,1644.0,376.0,192.0,3.0,3.0,163.0,174.0,207.0,406.0,214.0,602.0,101.0,750.0,354.0,116.0,863.0
102,PROPOSED STATEWIDE AMENDMENT NUMBER ELEVEN (11)         ,NON,No-Statewide Amendment                ,200.0,145.0,341.0,380.0,408.0,716.0,236.0,145.0,426.0,285.0,649.0,218.0,35.0,280.0,792.0,1552.0,1669.0,432.0,308.0,3.0,1.0,181.0,175.0,352.0,481.0,332.0,546.0,162.0,709.0,453.0,249.0,918.0
103,PROPOSED STATEWIDE AMENDMENT NUMBER ELEVEN (11)         ,   ,Over Votes                            ,0.0,0.0,0.0,1.0,0.0,0.0,0.0,2.0,1.0,0.0,1.0,2.0,0.0,0.0,1.0,0.0,1.0,1.0,1.0,0.0,0.0,1.0,0.0,0.0,0.0,0.0,0.0,0.0,0.0,0.0,0.0,0.0
104,PROPOSED STATEWIDE AMENDMENT NUMBER ELEVEN (11)         ,   ,Under Votes                           ,364.0,206.0,254.0,279.0,265.0,521.0,276.0,189.0,279.0,315.0,532.0,162.0,83.0,228.0,645.0,1154.0,1253.0,322.0,206.0,6.0,7.0,139.0,125.0,211.0,371.0,273.0,416.0,84.0,513.0,329.0,137.0,629.0
105,PROPOSED STATEWIDE AMENDMENT NUMBER TWELVE (12)         ,NON,Yes-Statewide Amendment               ,135.0,166.0,217.0,240.0,180.0,461.0,207.0,165.0,307.0,208.0,585.0,178.0,77.0,141.0,747.0,911.0,1254.0,275.0,152.0,2.0,4.0,110.0,129.0,161.0,309.0,148.0,369.0,66.0,584.0,290.0,95.0,627.0
106,PROPOSED STATEWIDE AMENDMENT NUMBER TWELVE (12)         ,NON,No-Statewide Amendment                ,197.0,161.0,319.0,310.0,338.0,623.0,200.0,155.0,382.0,270.0,597.0,192.0,43.0,243.0,754.0,1459.0,1490.0,399.0,264.0,3.0,0.0,173.0,164.0,296.0,416.0,273.0,587.0,124.0,639.0,352.0,179.0,820.0
107,PROPOSED STATEWIDE AMENDMENT NUMBER TWELVE (12)         ,   ,Over Votes                            ,0.0,1.0,0.0,0.0,2.0,1.0,0.0,0.0,2.0,0.0,0.0,0.0,0.0,0.0,0.0,2.0,3.0,0.0,0.0,0.0,0.0,0.0,0.0,1.0,0.0,0.0,0.0,0.0,1.0,1.0,0.0,0.0
108,PROPOSED STATEWIDE AMENDMENT NUMBER TWELVE (12)         ,   ,Under Votes                           ,424.0,249.0,368.0,434.0,405.0,784.0,336.0,225.0,417.0,401.0,758.0,225.0,87.0,356.0,916.0,1678.0,1820.0,457.0,291.0,7.0,7.0,201.0,181.0,312.0,533.0,398.0,608.0,157.0,748.0,493.0,228.0,963.0
109,PROPOSED STATEWIDE AMENDMENT NUMBER THIRTEEN (13)       ,NON,Yes-Statewide Amendment               ,221.0,206.0,321.0,319.0,278.0,644.0,261.0,198.0,418.0,292.0,781.0,218.0,89.0,232.0,1005.0,1382.0,1691.0,401.0,214.0,5.0,5.0,148.0,189.0,236.0,431.0,242.0,550.0,109.0,776.0,420.0,182.0,903.0
110,PROPOSED STATEWIDE AMENDMENT NUMBER THIRTEEN (13)       ,NON,No-Statewide Amendment                ,243.0,227.0,364.0,414.0,406.0,782.0,221.0,166.0,451.0,307.0,665.0,232.0,36.0,306.0,819.0,1697.0,1777.0,438.0,297.0,2.0,1.0,212.0,170.0,338.0,475.0,331.0,653.0,154.0,755.0,424.0,192.0,947.0
111,PROPOSED STATEWIDE AMENDMENT NUMBER THIRTEEN (13)       ,   ,Over Votes                            ,0.0,0.0,3.0,0.0,0.0,1.0,0.0,1.0,0.0,0.0,3.0,0.0,0.0,1.0,1.0,2.0,3.0,0.0,0.0,0.0,0.0,0.0,0.0,0.0,0.0,1.0,4.0,0.0,6.0,1.0,0.0,1.0
112,PROPOSED STATEWIDE AMENDMENT NUMBER THIRTEEN (13)       ,   ,Under Votes                           ,295.0,163.0,216.0,251.0,241.0,442.0,261.0,180.0,239.0,280.0,491.0,145.0,82.0,201.0,592.0,969.0,1096.0,292.0,196.0,5.0,5.0,124.0,115.0,196.0,352.0,245.0,357.0,84.0,435.0,291.0,128.0,559.0
113,PROPOSED STATEWIDE AMENDMENT NUMBER FOURTEEN (14)       ,NON,Yes-Statewide Amendment               ,209.0,229.0,401.0,490.0,395.0,849.0,320.0,243.0,515.0,338.0,938.0,271.0,87.0,321.0,1132.0,1817.0,2097.0,500.0,287.0,2.0,5.0,211.0,212.0,330.0,558.0,314.0,704.0,166.0,969.0,532.0,203.0,1159.0
114,PROPOSED STATEWIDE AMENDMENT NUMBER FOURTEEN (14)       ,NON,No-Statewide Amendment                ,208.0,149.0,275.0,259.0,283.0,533.0,169.0,130.0,339.0,240.0,500.0,180.0,36.0,232.0,667.0,1172.0,1298.0,332.0,235.0,4.0,0.0,147.0,150.0,253.0,360.0,255.0,480.0,100.0,529.0,307.0,173.0,667.0
115,PROPOSED STATEWIDE AMENDMENT NUMBER FOURTEEN (14)       ,   ,Over Votes                            ,0.0,0.0,3.0,0.0,0.0,2.0,0.0,1.0,1.0,0.0,1.0,1.0,0.0,0.0,0.0,3.0,1.0,0.0,0.0,0.0,0.0,0.0,0.0,0.0,0.0,1.0,1.0,0.0,0.0,1.0,0.0,0.0
116,PROPOSED STATEWIDE AMENDMENT NUMBER FOURTEEN (14)       ,   ,Under Votes                           ,340.0,206.0,225.0,235.0,247.0,485.0,254.0,171.0,253.0,301.0,501.0,143.0,84.0,187.0,618.0,1058.0,1171.0,299.0,185.0,6.0,6.0,126.0,112.0,187.0,340.0,249.0,379.0,81.0,474.0,296.0,126.0,584.0
117,"MEMBER, ELMORE COUNTY COMMISSION, DISTRICT NO. 1        ",REP,Kenneth F. Holt                       ,152.0,,,,768.0,1557.0,,,863.0,,,,,,,,,209.0,606.0,5.0,,,,,499.0,618.0,,269.0,,,412.0,
118,"MEMBER, ELMORE COUNTY COMMISSION, DISTRICT NO. 1        ",NON,Write-In                              ,3.0,,,,2.0,14.0,,,10.0,,,,,,,,,2.0,3.0,0.0,,,,,7.0,5.0,,1.0,,,8.0,
119,"MEMBER, ELMORE COUNTY COMMISSION, DISTRICT NO. 1        ",   ,Over Votes                            ,0.0,,,,1.0,0.0,,,0.0,,,,,,,,,0.0,0.0,0.0,,,,,0.0,0.0,,0.0,,,0.0,
120,"MEMBER, ELMORE COUNTY COMMISSION, DISTRICT NO. 1        ",   ,Under Votes                           ,29.0,,,,154.0,298.0,,,235.0,,,,,,,,,36.0,98.0,1.0,,,,,194.0,116.0,,77.0,,,82.0,
121,"MEMBER, ELMORE COUNTY COMMISSION, DISTRICT NO. 2        ",REP,Mack Daugherty                        ,150.0,83.0,762.0,,,,,,,653.0,,457.0,,628.0,,1176.0,,,,1.0,0.0,416.0,354.0,662.0,,71.0,1233.0,,,,,
122,"MEMBER, ELMORE COUNTY COMMISSION, DISTRICT NO. 2        ",NON,Write-In                              ,1.0,1.0,11.0,,,,,,,18.0,,15.0,,6.0,,17.0,,,,0.0,0.0,0.0,8.0,8.0,,0.0,26.0,,,,,
123,"MEMBER, ELMORE COUNTY COMMISSION, DISTRICT NO. 2        ",   ,Over Votes                            ,0.0,0.0,0.0,,,,,,,0.0,,0.0,,1.0,,0.0,,,,0.0,0.0,0.0,0.0,0.0,,0.0,0.0,,,,,
124,"MEMBER, ELMORE COUNTY COMMISSION, DISTRICT NO. 2        ",   ,Under Votes                           ,32.0,22.0,131.0,,,,,,,208.0,,123.0,,105.0,,395.0,,,,3.0,0.0,68.0,112.0,100.0,,9.0,305.0,,,,,
125,"MEMBER, ELMORE COUNTY COMMISSION, DISTRICT NO. 3        ",REP,Troy B. Stubbs                        ,65.0,206.0,,790.0,,,,,,,982.0,,,,,1882.0,,,,0.0,0.0,,,,435.0,,,,,707.0,,1891.0
126,"MEMBER, ELMORE COUNTY COMMISSION, DISTRICT NO. 3        ",NON,Write-In                              ,0.0,0.0,,2.0,,,,,,,21.0,,,,,28.0,,,,0.0,0.0,,,,2.0,,,,,16.0,,19.0
127,"MEMBER, ELMORE COUNTY COMMISSION, DISTRICT NO. 3        ",   ,Over Votes                            ,0.0,0.0,,0.0,,,,,,,0.0,,,,,0.0,,,,0.0,0.0,,,,0.0,,,,,0.0,,0.0
128,"MEMBER, ELMORE COUNTY COMMISSION, DISTRICT NO. 3        ",   ,Under Votes                           ,26.0,41.0,,192.0,,,,,,,369.0,,,,,552.0,,,,0.0,0.0,,,,121.0,,,,,181.0,,500.0
129,"MEMBER, ELMORE COUNTY COMMISSION, DISTRICT NO. 4        ",REP,Joe Faulk                             ,10.0,162.0,,,,,34.0,,,,,,,,,,2431.0,399.0,,0.0,5.0,,,,,,,,1155.0,,,
130,"MEMBER, ELMORE COUNTY COMMISSION, DISTRICT NO. 4        ",NON,Write-In                              ,0.0,11.0,,,,,0.0,,,,,,,,,,1102.0,36.0,,0.0,0.0,,,,,,,,341.0,,,
131,"MEMBER, ELMORE COUNTY COMMISSION, DISTRICT NO. 4        ",   ,Over Votes                            ,0.0,0.0,,,,,0.0,,,,,,,,,,5.0,0.0,,0.0,0.0,,,,,,,,2.0,,,
132,"MEMBER, ELMORE COUNTY COMMISSION, DISTRICT NO. 4        ",   ,Under Votes                           ,5.0,64.0,,,,,7.0,,,,,,,,,,1029.0,155.0,,0.0,4.0,,,,,,,,474.0,,,
133,"MEMBER, ELMORE COUNTY COMMISSION, DISTRICT NO. 5        ",DEM,Stephanie Daniels Smoke               ,148.0,44.0,,,,,272.0,238.0,,,334.0,,155.0,,959.0,,,127.0,,1.0,1.0,,,,,,,,,130.0,,
134,"MEMBER, ELMORE COUNTY COMMISSION, DISTRICT NO. 5        ",REP,Earl Reeves                           ,123.0,9.0,,,,,407.0,286.0,,,215.0,,43.0,,1382.0,,,155.0,,1.0,1.0,,,,,,,,,90.0,,
135,"MEMBER, ELMORE COUNTY COMMISSION, DISTRICT NO. 5        ",NON,Write-In                              ,0.0,0.0,,,,,1.0,1.0,,,1.0,,0.0,,5.0,,,0.0,,0.0,0.0,,,,,,,,,1.0,,
136,"MEMBER, ELMORE COUNTY COMMISSION, DISTRICT NO. 5        ",   ,Over Votes                            ,3.0,0.0,,,,,2.0,1.0,,,4.0,,0.0,,2.0,,,1.0,,0.0,0.0,,,,,,,,,0.0,,
137,"MEMBER, ELMORE COUNTY COMMISSION, DISTRICT NO. 5        ",   ,Under Votes                           ,10.0,0.0,,,,,20.0,19.0,,,14.0,,9.0,,69.0,,,11.0,,0.0,0.0,,,,,,,,,11.0,,
138,"SUPERINTENDENT, ELMORE COUNTY BOARD OF EDUCATION        ",REP,Richard E. Dennis                     ,349.0,372.0,583.0,624.0,556.0,1396.0,304.0,169.0,640.0,413.0,874.0,352.0,38.0,449.0,1021.0,2313.0,2414.0,666.0,556.0,4.0,5.0,323.0,292.0,507.0,661.0,499.0,1026.0,215.0,938.0,598.0,331.0,1383.0
139,"SUPERINTENDENT, ELMORE COUNTY BOARD OF EDUCATION        ",IND,Andre L. Harrison                     ,317.0,233.0,258.0,297.0,322.0,415.0,375.0,330.0,414.0,393.0,929.0,175.0,86.0,245.0,1132.0,1453.0,1823.0,390.0,133.0,6.0,2.0,142.0,142.0,233.0,507.0,274.0,386.0,115.0,871.0,465.0,153.0,902.0
140,"SUPERINTENDENT, ELMORE COUNTY BOARD OF EDUCATION        ",NON,Write-In                              ,0.0,2.0,3.0,2.0,1.0,2.0,1.0,0.0,2.0,3.0,3.0,4.0,3.0,1.0,12.0,5.0,10.0,1.0,0.0,0.0,0.0,0.0,1.0,2.0,4.0,0.0,10.0,0.0,5.0,6.0,0.0,5.0
141,"SUPERINTENDENT, ELMORE COUNTY BOARD OF EDUCATION        ",   ,Over Votes                            ,1.0,2.0,0.0,0.0,0.0,1.0,0.0,0.0,0.0,3.0,3.0,1.0,0.0,2.0,3.0,4.0,4.0,1.0,0.0,0.0,0.0,0.0,1.0,0.0,0.0,0.0,3.0,0.0,5.0,0.0,0.0,2.0
142,"SUPERINTENDENT, ELMORE COUNTY BOARD OF EDUCATION        ",   ,Under Votes                           ,92.0,31.0,60.0,61.0,46.0,55.0,63.0,46.0,52.0,67.0,131.0,63.0,80.0,43.0,249.0,275.0,316.0,73.0,18.0,2.0,4.0,19.0,38.0,28.0,86.0,46.0,139.0,17.0,153.0,67.0,18.0,118.0
143,"MEMBER, ELMORE COUNTY BOARD OF EDUCATION, PLACE NO. 4   ",REP,Michael R. Morgan                     ,82.0,11.0,,,513.0,1198.0,23.0,33.0,21.0,,103.0,,,,,,407.0,715.0,,0.0,0.0,,,,,,,259.0,,176.0,,
144,"MEMBER, ELMORE COUNTY BOARD OF EDUCATION, PLACE NO. 4   ",NON,Write-In                              ,1.0,1.0,,,3.0,10.0,0.0,2.0,0.0,,1.0,,,,,,11.0,6.0,,0.0,0.0,,,,,,,0.0,,6.0,,
145,"MEMBER, ELMORE COUNTY BOARD OF EDUCATION, PLACE NO. 4   ",   ,Over Votes                            ,0.0,0.0,,,0.0,0.0,0.0,0.0,0.0,,0.0,,,,,,0.0,0.0,,0.0,0.0,,,,,,,0.0,,0.0,,
146,"MEMBER, ELMORE COUNTY BOARD OF EDUCATION, PLACE NO. 4   ",   ,Under Votes                           ,22.0,4.0,,,145.0,213.0,5.0,65.0,4.0,,33.0,,,,,,173.0,181.0,,1.0,0.0,,,,,,,88.0,,112.0,,
147,"MEMBER, ELMORE COUNTY BOARD OF EDUCATION, PLACE NO. 5   ",REP,Leisa Finley                          ,13.0,139.0,,772.0,,,,,,,167.0,,,,,601.0,,,,0.0,0.0,,,,,,,,,469.0,,1852.0
148,"MEMBER, ELMORE COUNTY BOARD OF EDUCATION, PLACE NO. 5   ",NON,Write-In                              ,0.0,1.0,,8.0,,,,,,,4.0,,,,,11.0,,,,0.0,0.0,,,,,,,,,14.0,,27.0
149,"MEMBER, ELMORE COUNTY BOARD OF EDUCATION, PLACE NO. 5   ",   ,Over Votes                            ,0.0,0.0,,1.0,,,,,,,0.0,,,,,0.0,,,,0.0,0.0,,,,,,,,,0.0,,2.0
150,"MEMBER, ELMORE COUNTY BOARD OF EDUCATION, PLACE NO. 5   ",   ,Under Votes                           ,7.0,29.0,,203.0,,,,,,,81.0,,,,,201.0,,,,0.0,0.0,,,,,,,,,162.0,,529.0
151,"CONSTABLE, ELMORE COUNTY PRECINCT 0011                  ",NON,Write-In                              ,3.0,,,,,,,,,,,,,,,,,,,0.0,,,,,,,116.0,,,,,
152,"CONSTABLE, ELMORE COUNTY PRECINCT 0011                  ",   ,Over Votes                            ,0.0,,,,,,,,,,,,,,,,,,,0.0,,,,,,,0.0,,,,,
153,"CONSTABLE, ELMORE COUNTY PRECINCT 0011                  ",   ,Under Votes                           ,48.0,,,,,,,,,,,,,,,,,,,1.0,,,,,,,1448.0,,,,,
154,"CONSTABLE, ELMORE COUNTY PRECINCT 0021                  ",NON,Write-In                              ,0.0,,,,,,,,,,,,7.0,,,,,,,0.0,,,,,,,,,,,,
155,"CONSTABLE, ELMORE COUNTY PRECINCT 0021                  ",   ,Over Votes                            ,0.0,,,,,,,,,,,,0.0,,,,,,,0.0,,,,,,,,,,,,
156,"CONSTABLE, ELMORE COUNTY PRECINCT 0021                  ",   ,Under Votes                           ,4.0,,,,,,,,,,,,200.0,,,,,,,0.0,,,,,,,,,,,,
157,"CONSTABLE, ELMORE COUNTY PRECINCT 0029                  ",REP,Sidney Williams                       ,,72.0,,,,,,,,,,,,,,,,,,,0.0,,,,,,,,,,,1811.0
158,"CONSTABLE, ELMORE COUNTY PRECINCT 0029                  ",NON,Write-In                              ,,2.0,,,,,,,,,,,,,,,,,,,0.0,,,,,,,,,,,33.0
159,"CONSTABLE, ELMORE COUNTY PRECINCT 0029                  ",   ,Over Votes                            ,,0.0,,,,,,,,,,,,,,,,,,,0.0,,,,,,,,,,,0.0
160,"CONSTABLE, ELMORE COUNTY PRECINCT 0029                  ",   ,Under Votes                           ,,17.0,,,,,,,,,,,,,,,,,,,0.0,,,,,,,,,,,566.0
161,"CONSTABLE, ELMORE COUNTY PRECINCT 0031                  ",NON,Write-In                              ,0.0,,,,,,,,,,,53.0,,,,,,,,0.0,,,,,,,,,,,,
162,"CONSTABLE, ELMORE COUNTY PRECINCT 0031                  ",   ,Over Votes                            ,0.0,,,,,,,,,,,0.0,,,,,,,,0.0,,,,,,,,,,,,
163,"CONSTABLE, ELMORE COUNTY PRECINCT 0031                  ",   ,Under Votes                           ,14.0,,,,,,,,,,,542.0,,,,,,,,1.0,,,,,,,,,,,,
164,"CONSTABLE, ELMORE COUNTY PRECINCT 0041                  ",REP,Jay T. Fomby                          ,20.0,,754.0,,,,,,,,,,,,,,,,,0.0,,,,,,,,,,,,
165,"CONSTABLE, ELMORE COUNTY PRECINCT 0041                  ",NON,Write-In                              ,0.0,,12.0,,,,,,,,,,,,,,,,,0.0,,,,,,,,,,,,
166,"CONSTABLE, ELMORE COUNTY PRECINCT 0041                  ",   ,Over Votes                            ,0.0,,1.0,,,,,,,,,,,,,,,,,0.0,,,,,,,,,,,,
167,"CONSTABLE, ELMORE COUNTY PRECINCT 0041                  ",   ,Under Votes                           ,2.0,,137.0,,,,,,,,,,,,,,,,,0.0,,,,,,,,,,,,
168,"CONSTABLE, ELMORE COUNTY PRECINCT 0051                  ",NON,Write-In                              ,0.0,,,,,,,,,,,,,33.0,,,,,,0.0,,,,,,,,,,,,
169,"CONSTABLE, ELMORE COUNTY PRECINCT 0051                  ",   ,Over Votes                            ,0.0,,,,,,,,,,,,,0.0,,,,,,0.0,,,,,,,,,,,,
170,"CONSTABLE, ELMORE COUNTY PRECINCT 0051                  ",   ,Under Votes                           ,56.0,,,,,,,,,,,,,707.0,,,,,,0.0,,,,,,,,,,,,
171,"CONSTABLE, ELMORE COUNTY PRECINCT 0052                  ",NON,Write-In                              ,0.0,,,,,,,,,,,,,,,,,,,0.0,,11.0,,,,,,,,,,
172,"CONSTABLE, ELMORE COUNTY PRECINCT 0052                  ",   ,Over Votes                            ,0.0,,,,,,,,,,,,,,,,,,,0.0,,0.0,,,,,,,,,,
173,"CONSTABLE, ELMORE COUNTY PRECINCT 0052                  ",   ,Under Votes                           ,15.0,,,,,,,,,,,,,,,,,,,1.0,,473.0,,,,,,,,,,
174,"CONSTABLE, ELMORE COUNTY PRECINCT 0061                  ",IND,Guy M. Sanders                        ,7.0,,,,,,,,,349.0,,,,,,,,,,0.0,,,,,,,,,,,,
175,"CONSTABLE, ELMORE COUNTY PRECINCT 0061                  ",IND,Robert Lee Stephens                   ,0.0,,,,,,,,,206.0,,,,,,,,,,0.0,,,,,,,,,,,,
176,"CONSTABLE, ELMORE COUNTY PRECINCT 0061                  ",NON,Write-In                              ,0.0,,,,,,,,,26.0,,,,,,,,,,0.0,,,,,,,,,,,,
177,"CONSTABLE, ELMORE COUNTY PRECINCT 0061                  ",   ,Over Votes                            ,5.0,,,,,,,,,2.0,,,,,,,,,,0.0,,,,,,,,,,,,
178,"CONSTABLE, ELMORE COUNTY PRECINCT 0061                  ",   ,Under Votes                           ,2.0,,,,,,,,,296.0,,,,,,,,,,1.0,,,,,,,,,,,,
179,"CONSTABLE, ELMORE COUNTY PRECINCT 0071                  ",NON,Write-In                              ,0.0,,,,,,,,,,,,,,,,,,,0.0,,,,,,48.0,,,,,,
180,"CONSTABLE, ELMORE COUNTY PRECINCT 0071                  ",   ,Over Votes                            ,17.0,,,,,,,,,,,,,,,,,,,0.0,,,,,,0.0,,,,,,
181,"CONSTABLE, ELMORE COUNTY PRECINCT 0071                  ",   ,Under Votes                           ,1.0,,,,,,,,,,,,,,,,,,,0.0,,,,,,771.0,,,,,,
182,"CONSTABLE, ELMORE COUNTY PRECINCT 0081                  ",NON,Write-In                              ,0.0,,,,,,,,,,,,,,,,,,,1.0,,,,,67.0,,,,,,,
183,"CONSTABLE, ELMORE COUNTY PRECINCT 0081                  ",   ,Over Votes                            ,38.0,,,,,,,,,,,,,,,,,,,0.0,,,,,0.0,,,,,,,
184,"CONSTABLE, ELMORE COUNTY PRECINCT 0081                  ",   ,Under Votes                           ,0.0,,,,,,,,,,,,,,,,,,,1.0,,,,,1191.0,,,,,,,
185,"CONSTABLE, ELMORE COUNTY PRECINCT 0101                  ",NON,Write-In                              ,0.0,,,,,,,,,,,,,,,,,,,0.0,,,,,,,,,,96.0,,
186,"CONSTABLE, ELMORE COUNTY PRECINCT 0101                  ",   ,Over Votes                            ,25.0,,,,,,,,,,,,,,,,,,,0.0,,,,,,,,,,0.0,,
187,"CONSTABLE, ELMORE COUNTY PRECINCT 0101                  ",   ,Under Votes                           ,25.0,,,,,,,,,,,,,,,,,,,0.0,,,,,,,,,,1040.0,,
188,"CONSTABLE, ELMORE COUNTY PRECINCT 0111                  ",NON,Write-In                              ,0.0,,,,,,,,,,,,,,,,,,,0.0,,,,,,,,,,,34.0,
189,"CONSTABLE, ELMORE COUNTY PRECINCT 0111                  ",   ,Over Votes                            ,0.0,,,,,,,,,,,,,,,,,,,0.0,,,,,,,,,,,0.0,
190,"CONSTABLE, ELMORE COUNTY PRECINCT 0111                  ",   ,Under Votes                           ,8.0,,,,,,,,,,,,,,,,,,,0.0,,,,,,,,,,,468.0,
191,"CONSTABLE, ELMORE COUNTY PRECINCT 0121                  ",NON,Write-In                              ,3.0,,,,38.0,,,,,,,,,,,,,,,0.0,,,,,,,,,,,,
192,"CONSTABLE, ELMORE COUNTY PRECINCT 0121                  ",   ,Over Votes                            ,0.0,,,,0.0,,,,,,,,,,,,,,,0.0,,,,,,,,,,,,
193,"CONSTABLE, ELMORE COUNTY PRECINCT 0121                  ",   ,Under Votes                           ,25.0,,,,887.0,,,,,,,,,,,,,,,2.0,,,,,,,,,,,,
194,"CONSTABLE, ELMORE COUNTY PRECINCT 0131                  ",NON,Write-In                              ,1.0,,,,,,,,,,,,,,,,,,,0.0,,,,,,,,13.0,,,,
195,"CONSTABLE, ELMORE COUNTY PRECINCT 0131                  ",   ,Over Votes                            ,0.0,,,,,,,,,,,,,,,,,,,0.0,,,,,,,,0.0,,,,
196,"CONSTABLE, ELMORE COUNTY PRECINCT 0131                  ",   ,Under Votes                           ,6.0,,,,,,,,,,,,,,,,,,,0.0,,,,,,,,334.0,,,,
197,"CONSTABLE, ELMORE COUNTY PRECINCT 0141                  ",REP,D.J. Browning                         ,15.0,,,,,,,,,,,,,,,,,,589.0,0.0,,,,,,,,,,,,
198,"CONSTABLE, ELMORE COUNTY PRECINCT 0141                  ",NON,Write-In                              ,0.0,,,,,,,,,,,,,,,,,,9.0,0.0,,,,,,,,,,,,
199,"CONSTABLE, ELMORE COUNTY PRECINCT 0141                  ",   ,Over Votes                            ,0.0,,,,,,,,,,,,,,,,,,0.0,0.0,,,,,,,,,,,,
200,"CONSTABLE, ELMORE COUNTY PRECINCT 0141                  ",   ,Under Votes                           ,2.0,,,,,,,,,,,,,,,,,,109.0,0.0,,,,,,,,,,,,
201,"CONSTABLE, ELMORE COUNTY PRECINCT 0151                  ",REP,John P. Hazel                         ,40.0,,,,,1522.0,,,,,,,,,,,,,,2.0,,,,,,,,,,,,
202,"CONSTABLE, ELMORE COUNTY PRECINCT 0151                  ",NON,Write-In                              ,1.0,,,,,19.0,,,,,,,,,,,,,,0.0,,,,,,,,,,,,
203,"CONSTABLE, ELMORE COUNTY PRECINCT 0151                  ",   ,Over Votes                            ,0.0,,,,,0.0,,,,,,,,,,,,,,0.0,,,,,,,,,,,,
204,"CONSTABLE, ELMORE COUNTY PRECINCT 0151                  ",   ,Under Votes                           ,4.0,,,,,328.0,,,,,,,,,,,,,,0.0,,,,,,,,,,,,
205,"CONSTABLE, ELMORE COUNTY PRECINCT 0161                  ",NON,Write-In                              ,2.0,,,,,,,,60.0,,,,,,,,,,,0.0,,,,,,,,,,,,
206,"CONSTABLE, ELMORE COUNTY PRECINCT 0161                  ",   ,Over Votes                            ,0.0,,,,,,,,0.0,,,,,,,,,,,0.0,,,,,,,,,,,,
207,"CONSTABLE, ELMORE COUNTY PRECINCT 0161                  ",   ,Under Votes                           ,31.0,,,,,,,,1048.0,,,,,,,,,,,0.0,,,,,,,,,,,,
208,"CONSTABLE, ELMORE COUNTY PRECINCT 0171                  ",NON,Write-In                              ,0.0,,,,,,,21.0,,,,,,,,,,,,0.0,,,,,,,,,,,,
209,"CONSTABLE, ELMORE COUNTY PRECINCT 0171                  ",   ,Over Votes                            ,0.0,,,,,,,0.0,,,,,,,,,,,,0.0,,,,,,,,,,,,
210,"CONSTABLE, ELMORE COUNTY PRECINCT 0171                  ",   ,Under Votes                           ,68.0,,,,,,,524.0,,,,,,,,,,,,0.0,,,,,,,,,,,,
211,"CONSTABLE, ELMORE COUNTY PRECINCT 0181                  ",REP,Jacob R. Corbin III                   ,18.0,,,,,,,,,,,,,,,,,796.0,,0.0,,,,,,,,,,,,
212,"CONSTABLE, ELMORE COUNTY PRECINCT 0181                  ",NON,Write-In                              ,1.0,,,,,,,,,,,,,,,,,20.0,,0.0,,,,,,,,,,,,
213,"CONSTABLE, ELMORE COUNTY PRECINCT 0181                  ",   ,Over Votes                            ,0.0,,,,,,,,,,,,,,,,,0.0,,0.0,,,,,,,,,,,,
214,"CONSTABLE, ELMORE COUNTY PRECINCT 0181                  ",   ,Under Votes                           ,9.0,,,,,,,,,,,,,,,,,315.0,,0.0,,,,,,,,,,,,
215,"CONSTABLE, ELMORE COUNTY PRECINCT 0201                  ",DEM,Tommy Rives                           ,27.0,,,,,,390.0,,,,,,,,,,,,,0.0,,,,,,,,,,,,
216,"CONSTABLE, ELMORE COUNTY PRECINCT 0201                  ",NON,Write-In                              ,0.0,,,,,,15.0,,,,,,,,,,,,,0.0,,,,,,,,,,,,
217,"CONSTABLE, ELMORE COUNTY PRECINCT 0201                  ",   ,Over Votes                            ,0.0,,,,,,1.0,,,,,,,,,,,,,0.0,,,,,,,,,,,,
218,"CONSTABLE, ELMORE COUNTY PRECINCT 0201                  ",   ,Under Votes                           ,9.0,,,,,,337.0,,,,,,,,,,,,,0.0,,,,,,,,,,,,
219,"CONSTABLE, ELMORE COUNTY PRECINCT 0221                  ",REP,Walker Allen-Phillips                 ,,112.0,,,,,,,,,,,,,,,3285.0,,,,3.0,,,,,,,,,,,
220,"CONSTABLE, ELMORE COUNTY PRECINCT 0221                  ",NON,Write-In                              ,,3.0,,,,,,,,,,,,,,,98.0,,,,0.0,,,,,,,,,,,
221,"CONSTABLE, ELMORE COUNTY PRECINCT 0221                  ",   ,Over Votes                            ,,0.0,,,,,,,,,,,,,,,0.0,,,,0.0,,,,,,,,,,,
222,"CONSTABLE, ELMORE COUNTY PRECINCT 0221                  ",   ,Under Votes                           ,,32.0,,,,,,,,,,,,,,,1184.0,,,,3.0,,,,,,,,,,,
223,"CONSTABLE, ELMORE COUNTY PRECINCT 0222                  ",NON,Write-In                              ,,1.0,,,,,,,,,,,,,,,,,,,0.0,,,,,,,,88.0,,,
224,"CONSTABLE, ELMORE COUNTY PRECINCT 0222                  ",   ,Over Votes                            ,,0.0,,,,,,,,,,,,,,,,,,,0.0,,,,,,,,0.0,,,
225,"CONSTABLE, ELMORE COUNTY PRECINCT 0222                  ",   ,Under Votes                           ,,60.0,,,,,,,,,,,,,,,,,,,3.0,,,,,,,,1884.0,,,
226,"CONSTABLE, ELMORE COUNTY PRECINCT 0231                  ",NON,Write-In                              ,1.0,,,,,,,,,,,,,,138.0,,,,,0.0,,,,,,,,,,,,
227,"CONSTABLE, ELMORE COUNTY PRECINCT 0231                  ",   ,Over Votes                            ,0.0,,,,,,,,,,,,,,0.0,,,,,0.0,,,,,,,,,,,,
228,"CONSTABLE, ELMORE COUNTY PRECINCT 0231                  ",   ,Under Votes                           ,157.0,,,,,,,,,,,,,,2279.0,,,,,2.0,,,,,,,,,,,,
229,"CONSTABLE, ELMORE COUNTY PRECINCT 0261                  ",NON,Write-In                              ,0.0,1.0,,,,,,,,,104.0,,,,,,,,,0.0,0.0,,,,,,,,,,,
230,"CONSTABLE, ELMORE COUNTY PRECINCT 0261                  ",   ,Over Votes                            ,0.0,0.0,,,,,,,,,0.0,,,,,,,,,0.0,0.0,,,,,,,,,,,
231,"CONSTABLE, ELMORE COUNTY PRECINCT 0261                  ",   ,Under Votes                           ,37.0,30.0,,,,,,,,,1836.0,,,,,,,,,0.0,2.0,,,,,,,,,,,
232,"CONSTABLE, ELMORE COUNTY PRECINCT 0311                  ",NON,Write-In                              ,,0.0,,,,,,,,,,,,,,,,,,,0.0,,,112.0,,,,,,,,
233,"CONSTABLE, ELMORE COUNTY PRECINCT 0311                  ",   ,Over Votes                            ,,0.0,,,,,,,,,,,,,,,,,,,0.0,,,0.0,,,,,,,,
234,"CONSTABLE, ELMORE COUNTY PRECINCT 0311                  ",   ,Under Votes                           ,,18.0,,,,,,,,,,,,,,,,,,,0.0,,,658.0,,,,,,,,
235,"CONSTABLE, ELMORE COUNTY PRECINCT 0321                  ",NON,Write-In                              ,,0.0,,50.0,,,,,,,,,,,,,,,,,0.0,,,,,,,,,,,
236,"CONSTABLE, ELMORE COUNTY PRECINCT 0321                  ",   ,Over Votes                            ,,0.0,,0.0,,,,,,,,,,,,,,,,,0.0,,,,,,,,,,,
237,"CONSTABLE, ELMORE COUNTY PRECINCT 0321                  ",   ,Under Votes                           ,,20.0,,934.0,,,,,,,,,,,,,,,,,0.0,,,,,,,,,,,
238,"CONSTABLE, ELMORE COUNTY PRECINCT 0331                  ",NON,Write-In                              ,,8.0,,,,,,,,,,,,,,173.0,,,,,0.0,,,,,,,,,,,
239,"CONSTABLE, ELMORE COUNTY PRECINCT 0331                  ",   ,Over Votes                            ,,0.0,,,,,,,,,,,,,,0.0,,,,,0.0,,,,,,,,,,,
240,"CONSTABLE, ELMORE COUNTY PRECINCT 0331                  ",   ,Under Votes                           ,,155.0,,,,,,,,,,,,,,3877.0,,,,,0.0,,,,,,,,,,,
241,"CONSTABLE, ELMORE COUNTY PRECINCT 0341                  ",NON,Write-In                              ,,1.0,,,,,,,,,,,,,,,,,,,0.0,,18.0,,,,,,,,,
242,"CONSTABLE, ELMORE COUNTY PRECINCT 0341                  ",   ,Over Votes                            ,,0.0,,,,,,,,,,,,,,,,,,,0.0,,0.0,,,,,,,,,
243,"CONSTABLE, ELMORE COUNTY PRECINCT 0341                  ",   ,Under Votes                           ,,8.0,,,,,,,,,,,,,,,,,,,0.0,,456.0,,,,,,,,,
