,Contest Title,Party,Candidate,ABSENTEE,ARKADELPHIA FIRE DEPT_,BAILEYTON SR_ CENTER,BALDWIN COMMUNITY CENTER,BATTLEGROUND FIRE DEPT_,BEAT 8 COMMUNITY CENTER,BERLIN COMMUNITY CENTER,BETHEL COMMUNITY CENTER,BETHSADIA FIRE DEPT_,BOLTE-WHITE GROVE CHURCH,BREMEN FIRE DEPT_,BROOKLYN COMMUNITY CTR,BRUSHY POND COMMUNITY CTR,CENTER HILL COMMUNITY CTR,COLD SPRINGS COMMUNITY CT,COLONY TOWN HALL,COURT HOUSE CONF ROOM,CRANE HILL FIRE DEPT_,CULLMAN CITY HALL,CULLMAN CIVIC CENTER,CULLMAN CO OFFICE BLDG BA,CULLMAN CO_ HEALTH DEPT_,DODGE CITY TOWN HALL,EAST POINT COMMUNITY CTR,FAIRVIEW FIRE DEPT_ (A-K),FAIRVIEW TOWN HALL (L-Z),FRIENDSHIP METHODIST CH_,GARDEN CITY TOWN HALL,GOLD RIDGE COMMUNITY CTR,GOOD HOPE CITY  HALL,GRANDVIEW COMMUNITY CTR,HANCEVILLE CITY HALL,HANCEVILLE CIVIC CENTER,HOLLY POND FIRE DEPT_,JONES CHAPEL FIRE DEPT_,JOPPA  FIRE DEPT,KELLEY COMMUNITY CENTER,LOGAN FIRE DEPT_,MOODY TOWN UNION HILL CH,NEW CANAAN SR_ CENTER,PROVIDENCE FIRE DEPT_,PROVISIONAL,SIMCOE COMMUNITY CENTER,STOUTS MOUNTAIN CHURCH,TRIMBLE FIRE STATION,VALLEY GROVE COMM_ CTR,VINEMONT FIRE DEPT_,WALTER COMMUNITY CENTER,WELTI MT_ ZION CHURCH,WEST POINT COMMUNITY CTR,WHITE CITY COMMUNITY CTR
0,REGISTERED VOTERS - TOTAL                               ,   ,Registered Voters - Total             ,0,396.0,1162.0,682.0,670.0,365.0,1258.0,520.0,667.0,799.0,1065.0,671.0,780.0,491.0,787.0,445.0,1087.0,1503.0,1566.0,6195.0,1947.0,644.0,929.0,777.0,827.0,735.0,1534.0,799.0,1417.0,1983.0,564.0,2185.0,1426.0,2414.0,1449.0,790.0,1230.0,606.0,156.0,920.0,1232.0,0,1006.0,265.0,736.0,1296.0,2159.0,936.0,493.0,1955.0,1388.0
1,BALLOTS CAST - TOTAL                                    ,   ,Ballots Cast - Total                  ,1316,300.0,780.0,467.0,468.0,242.0,850.0,364.0,467.0,539.0,745.0,438.0,543.0,292.0,565.0,297.0,717.0,1031.0,1041.0,3722.0,1247.0,442.0,615.0,548.0,574.0,478.0,1045.0,526.0,974.0,1233.0,396.0,1199.0,858.0,1554.0,970.0,490.0,888.0,422.0,98.0,618.0,830.0,50,666.0,168.0,548.0,899.0,1404.0,619.0,340.0,1297.0,908.0
2,STRAIGHT PARTY                                          ,DEM,Alabama Democratic Party              ,117,4.0,24.0,24.0,21.0,12.0,33.0,21.0,22.0,26.0,20.0,26.0,20.0,13.0,26.0,166.0,35.0,43.0,56.0,233.0,67.0,21.0,27.0,27.0,34.0,30.0,39.0,31.0,49.0,66.0,14.0,91.0,47.0,55.0,68.0,36.0,39.0,23.0,13.0,29.0,43.0,0,26.0,11.0,24.0,51.0,95.0,37.0,24.0,38.0,42.0
3,STRAIGHT PARTY                                          ,REP,Alabama Republican Party              ,603,120.0,362.0,219.0,206.0,104.0,370.0,157.0,201.0,235.0,349.0,189.0,228.0,117.0,200.0,54.0,303.0,463.0,396.0,1606.0,465.0,224.0,309.0,240.0,241.0,221.0,430.0,249.0,438.0,523.0,188.0,512.0,382.0,761.0,426.0,201.0,383.0,171.0,46.0,299.0,381.0,0,327.0,76.0,254.0,451.0,631.0,260.0,149.0,580.0,404.0
4,STRAIGHT PARTY                                          ,   ,Over Votes                            ,0,0.0,0.0,0.0,0.0,0.0,0.0,0.0,0.0,0.0,0.0,0.0,1.0,0.0,0.0,0.0,1.0,0.0,0.0,2.0,0.0,0.0,0.0,0.0,0.0,0.0,0.0,0.0,1.0,1.0,0.0,0.0,1.0,0.0,0.0,0.0,0.0,0.0,0.0,1.0,0.0,0,0.0,0.0,1.0,0.0,0.0,0.0,0.0,0.0,2.0
5,STRAIGHT PARTY                                          ,   ,Under Votes                           ,590,176.0,394.0,224.0,241.0,126.0,447.0,186.0,244.0,278.0,376.0,223.0,294.0,162.0,339.0,77.0,378.0,525.0,589.0,1881.0,715.0,197.0,279.0,281.0,299.0,227.0,576.0,246.0,486.0,643.0,194.0,596.0,428.0,738.0,476.0,253.0,466.0,228.0,39.0,289.0,406.0,0,313.0,81.0,269.0,397.0,678.0,322.0,167.0,679.0,460.0
6,PRESIDENT AND VICE PRESIDENT OF THE UNITED STATES       ,DEM,Hillary Rodham Clinton                ,227,16.0,52.0,35.0,44.0,15.0,69.0,31.0,38.0,44.0,42.0,42.0,41.0,18.0,49.0,189.0,73.0,103.0,135.0,478.0,148.0,36.0,38.0,57.0,49.0,44.0,80.0,44.0,82.0,116.0,28.0,143.0,85.0,98.0,98.0,54.0,93.0,36.0,15.0,50.0,79.0,3,46.0,19.0,46.0,73.0,137.0,54.0,44.0,82.0,80.0
7,PRESIDENT AND VICE PRESIDENT OF THE UNITED STATES       ,REP,Donald J. Trump                       ,1027,270.0,702.0,421.0,404.0,221.0,744.0,321.0,410.0,472.0,682.0,386.0,489.0,260.0,504.0,97.0,618.0,893.0,854.0,3077.0,1046.0,387.0,558.0,468.0,505.0,421.0,919.0,464.0,868.0,1084.0,352.0,1017.0,746.0,1426.0,841.0,424.0,765.0,380.0,77.0,558.0,727.0,45,596.0,139.0,481.0,808.0,1232.0,550.0,285.0,1176.0,792.0
8,PRESIDENT AND VICE PRESIDENT OF THE UNITED STATES       ,IND,Gary Johnson                          ,26,9.0,12.0,6.0,11.0,2.0,19.0,6.0,8.0,17.0,13.0,4.0,8.0,5.0,4.0,5.0,11.0,17.0,32.0,89.0,35.0,12.0,12.0,8.0,12.0,9.0,18.0,9.0,14.0,19.0,4.0,26.0,18.0,14.0,12.0,5.0,16.0,3.0,1.0,2.0,18.0,0,11.0,3.0,13.0,6.0,24.0,11.0,7.0,23.0,18.0
9,PRESIDENT AND VICE PRESIDENT OF THE UNITED STATES       ,IND,Jill Stein                            ,7,0.0,2.0,0.0,1.0,1.0,3.0,1.0,2.0,1.0,2.0,1.0,0.0,4.0,2.0,2.0,3.0,5.0,3.0,20.0,5.0,1.0,4.0,2.0,0.0,0.0,8.0,0.0,4.0,6.0,4.0,1.0,2.0,6.0,5.0,3.0,0.0,2.0,4.0,0.0,1.0,0,1.0,1.0,2.0,2.0,5.0,0.0,0.0,3.0,2.0
10,PRESIDENT AND VICE PRESIDENT OF THE UNITED STATES       ,NON,Write-In                              ,22,3.0,3.0,1.0,3.0,0.0,6.0,3.0,3.0,2.0,4.0,4.0,2.0,3.0,1.0,1.0,10.0,7.0,14.0,32.0,11.0,3.0,1.0,8.0,1.0,1.0,6.0,6.0,4.0,5.0,2.0,7.0,5.0,6.0,6.0,3.0,7.0,0.0,1.0,3.0,4.0,0,7.0,2.0,5.0,9.0,3.0,3.0,1.0,13.0,8.0
11,PRESIDENT AND VICE PRESIDENT OF THE UNITED STATES       ,   ,Over Votes                            ,3,1.0,4.0,2.0,2.0,3.0,4.0,1.0,3.0,2.0,0.0,0.0,3.0,0.0,0.0,2.0,1.0,0.0,0.0,13.0,0.0,1.0,1.0,0.0,3.0,1.0,6.0,1.0,1.0,0.0,0.0,2.0,1.0,1.0,5.0,1.0,0.0,0.0,0.0,3.0,0.0,1,4.0,3.0,0.0,0.0,2.0,0.0,3.0,0.0,4.0
12,PRESIDENT AND VICE PRESIDENT OF THE UNITED STATES       ,   ,Under Votes                           ,4,1.0,5.0,2.0,3.0,0.0,5.0,1.0,3.0,1.0,2.0,1.0,0.0,2.0,5.0,1.0,1.0,6.0,3.0,13.0,2.0,2.0,1.0,5.0,4.0,2.0,8.0,2.0,1.0,3.0,6.0,3.0,1.0,3.0,3.0,0.0,7.0,1.0,0.0,2.0,1.0,1,1.0,1.0,1.0,1.0,1.0,1.0,0.0,0.0,4.0
13,UNITED STATES SENATOR                                   ,DEM,Ron Crumpton                          ,246,35.0,89.0,57.0,74.0,32.0,98.0,48.0,59.0,59.0,65.0,56.0,55.0,36.0,88.0,190.0,97.0,138.0,146.0,571.0,191.0,54.0,68.0,73.0,68.0,58.0,127.0,65.0,123.0,171.0,42.0,179.0,114.0,170.0,137.0,72.0,126.0,59.0,18.0,71.0,126.0,7,82.0,20.0,66.0,116.0,187.0,69.0,61.0,133.0,115.0
14,UNITED STATES SENATOR                                   ,REP,Richard C. Shelby                     ,1030,257.0,673.0,398.0,380.0,205.0,732.0,306.0,395.0,461.0,663.0,372.0,476.0,250.0,464.0,102.0,597.0,864.0,882.0,3076.0,1022.0,376.0,532.0,462.0,493.0,409.0,899.0,449.0,827.0,1036.0,342.0,985.0,723.0,1360.0,808.0,407.0,744.0,352.0,79.0,525.0,684.0,40,571.0,143.0,473.0,772.0,1193.0,538.0,274.0,1127.0,773.0
15,UNITED STATES SENATOR                                   ,NON,Write-In                              ,5,0.0,0.0,1.0,0.0,1.0,1.0,0.0,2.0,1.0,2.0,0.0,0.0,0.0,1.0,0.0,2.0,2.0,0.0,9.0,3.0,0.0,0.0,1.0,0.0,0.0,0.0,0.0,0.0,2.0,0.0,2.0,1.0,2.0,1.0,0.0,2.0,1.0,0.0,0.0,2.0,0,1.0,1.0,2.0,1.0,1.0,1.0,0.0,3.0,3.0
16,UNITED STATES SENATOR                                   ,   ,Over Votes                            ,0,0.0,3.0,0.0,0.0,0.0,0.0,0.0,0.0,0.0,1.0,1.0,0.0,0.0,0.0,0.0,0.0,0.0,1.0,2.0,0.0,0.0,2.0,0.0,0.0,0.0,0.0,0.0,1.0,2.0,0.0,1.0,2.0,1.0,0.0,0.0,0.0,0.0,0.0,0.0,0.0,1,0.0,0.0,0.0,0.0,0.0,0.0,0.0,0.0,0.0
17,UNITED STATES SENATOR                                   ,   ,Under Votes                           ,35,8.0,15.0,11.0,14.0,4.0,19.0,10.0,11.0,18.0,14.0,9.0,12.0,6.0,12.0,5.0,21.0,27.0,12.0,64.0,31.0,12.0,13.0,12.0,13.0,11.0,19.0,12.0,23.0,22.0,12.0,32.0,18.0,21.0,24.0,11.0,16.0,10.0,1.0,22.0,18.0,2,12.0,4.0,7.0,10.0,23.0,11.0,5.0,34.0,17.0
18,"UNITED STATES REPRESENTATIVE, 4TH CONGRESSIONAL DISTRICT",REP,Robert Aderholt                       ,1093,264.0,690.0,418.0,403.0,210.0,752.0,322.0,412.0,476.0,670.0,387.0,474.0,255.0,473.0,120.0,624.0,902.0,917.0,3248.0,1071.0,383.0,551.0,474.0,491.0,423.0,926.0,457.0,856.0,1096.0,345.0,1029.0,753.0,1393.0,847.0,417.0,774.0,369.0,84.0,538.0,725.0,46,595.0,142.0,488.0,804.0,1226.0,550.0,297.0,1181.0,798.0
19,"UNITED STATES REPRESENTATIVE, 4TH CONGRESSIONAL DISTRICT",NON,Write-In                              ,13,8.0,1.0,5.0,4.0,1.0,3.0,4.0,1.0,4.0,5.0,4.0,5.0,0.0,7.0,7.0,4.0,4.0,3.0,48.0,14.0,1.0,5.0,4.0,1.0,4.0,5.0,4.0,9.0,11.0,4.0,12.0,10.0,14.0,2.0,4.0,7.0,1.0,1.0,3.0,8.0,1,4.0,1.0,5.0,7.0,11.0,4.0,2.0,9.0,12.0
20,"UNITED STATES REPRESENTATIVE, 4TH CONGRESSIONAL DISTRICT",   ,Over Votes                            ,0,0.0,0.0,0.0,0.0,0.0,0.0,0.0,0.0,0.0,0.0,0.0,0.0,0.0,0.0,0.0,0.0,0.0,0.0,0.0,0.0,0.0,0.0,1.0,0.0,0.0,0.0,0.0,0.0,0.0,0.0,0.0,0.0,0.0,0.0,0.0,1.0,0.0,0.0,0.0,0.0,0,0.0,0.0,0.0,0.0,0.0,0.0,0.0,0.0,1.0
21,"UNITED STATES REPRESENTATIVE, 4TH CONGRESSIONAL DISTRICT",   ,Under Votes                           ,210,28.0,89.0,44.0,61.0,31.0,95.0,38.0,54.0,59.0,70.0,47.0,64.0,37.0,85.0,170.0,89.0,125.0,121.0,426.0,162.0,58.0,59.0,69.0,82.0,51.0,114.0,65.0,109.0,126.0,47.0,158.0,95.0,147.0,121.0,69.0,106.0,52.0,13.0,77.0,97.0,3,67.0,25.0,55.0,88.0,167.0,65.0,41.0,107.0,97.0
22,"ASSOCIATE JUSTICE OF THE SUPREME COURT, PLACE 1         ",REP,"Michael F. ""Mike"" Bolin               ",1055,255.0,674.0,403.0,378.0,210.0,727.0,312.0,394.0,464.0,651.0,384.0,464.0,252.0,452.0,115.0,603.0,883.0,883.0,3156.0,1036.0,376.0,529.0,455.0,474.0,409.0,891.0,452.0,832.0,1063.0,332.0,990.0,742.0,1363.0,809.0,400.0,752.0,356.0,83.0,516.0,712.0,46,583.0,142.0,469.0,791.0,1200.0,521.0,291.0,1134.0,772.0
23,"ASSOCIATE JUSTICE OF THE SUPREME COURT, PLACE 1         ",NON,Write-In                              ,10,3.0,2.0,3.0,5.0,1.0,4.0,3.0,1.0,3.0,3.0,3.0,3.0,1.0,3.0,5.0,2.0,4.0,3.0,39.0,7.0,1.0,5.0,4.0,1.0,4.0,6.0,2.0,6.0,14.0,5.0,11.0,9.0,9.0,5.0,6.0,3.0,2.0,1.0,2.0,5.0,1,5.0,1.0,6.0,5.0,9.0,3.0,0.0,8.0,14.0
24,"ASSOCIATE JUSTICE OF THE SUPREME COURT, PLACE 1         ",   ,Over Votes                            ,1,0.0,1.0,0.0,0.0,0.0,0.0,0.0,1.0,0.0,0.0,0.0,0.0,0.0,0.0,0.0,0.0,0.0,0.0,2.0,0.0,0.0,0.0,0.0,1.0,0.0,0.0,0.0,0.0,0.0,0.0,0.0,0.0,0.0,0.0,0.0,0.0,0.0,0.0,0.0,0.0,0,0.0,0.0,0.0,0.0,0.0,0.0,0.0,0.0,0.0
25,"ASSOCIATE JUSTICE OF THE SUPREME COURT, PLACE 1         ",   ,Under Votes                           ,250,42.0,103.0,61.0,85.0,31.0,119.0,49.0,71.0,72.0,91.0,51.0,76.0,39.0,110.0,177.0,112.0,144.0,155.0,525.0,204.0,65.0,81.0,89.0,98.0,65.0,148.0,72.0,136.0,156.0,59.0,198.0,107.0,182.0,156.0,84.0,133.0,64.0,14.0,100.0,113.0,3,78.0,25.0,73.0,103.0,195.0,95.0,49.0,155.0,122.0
26,"ASSOCIATE JUSTICE OF THE SUPREME COURT, PLACE 2         ",REP,Kelli Wise                            ,1051,255.0,672.0,400.0,378.0,207.0,724.0,310.0,390.0,458.0,650.0,384.0,462.0,249.0,449.0,113.0,602.0,881.0,880.0,3152.0,1032.0,373.0,530.0,455.0,472.0,405.0,890.0,449.0,833.0,1053.0,328.0,985.0,732.0,1352.0,798.0,401.0,751.0,352.0,83.0,518.0,704.0,46,579.0,142.0,465.0,791.0,1193.0,525.0,289.0,1139.0,776.0
27,"ASSOCIATE JUSTICE OF THE SUPREME COURT, PLACE 2         ",NON,Write-In                              ,7,2.0,2.0,1.0,4.0,1.0,2.0,3.0,2.0,3.0,1.0,3.0,4.0,0.0,4.0,5.0,1.0,4.0,0.0,29.0,5.0,1.0,4.0,4.0,1.0,4.0,4.0,2.0,6.0,13.0,4.0,10.0,11.0,10.0,5.0,4.0,6.0,1.0,1.0,2.0,5.0,1,4.0,1.0,6.0,2.0,11.0,3.0,0.0,5.0,10.0
28,"ASSOCIATE JUSTICE OF THE SUPREME COURT, PLACE 2         ",   ,Over Votes                            ,0,1.0,0.0,0.0,0.0,0.0,0.0,0.0,0.0,0.0,0.0,0.0,0.0,0.0,0.0,0.0,0.0,0.0,0.0,1.0,0.0,0.0,0.0,0.0,0.0,0.0,0.0,0.0,0.0,0.0,0.0,0.0,0.0,0.0,0.0,0.0,0.0,1.0,0.0,0.0,0.0,0,0.0,0.0,1.0,0.0,0.0,0.0,0.0,0.0,0.0
29,"ASSOCIATE JUSTICE OF THE SUPREME COURT, PLACE 2         ",   ,Under Votes                           ,258,42.0,106.0,66.0,86.0,34.0,124.0,51.0,75.0,78.0,94.0,51.0,77.0,43.0,112.0,179.0,114.0,146.0,161.0,540.0,210.0,68.0,81.0,89.0,101.0,69.0,151.0,75.0,135.0,167.0,64.0,204.0,115.0,192.0,167.0,85.0,131.0,68.0,14.0,98.0,121.0,3,83.0,25.0,76.0,106.0,200.0,91.0,51.0,153.0,122.0
30,"ASSOCIATE JUSTICE OF THE SUPREME COURT, PLACE 3         ",REP,Tom Parker                            ,1048,254.0,672.0,401.0,380.0,207.0,726.0,314.0,395.0,460.0,652.0,387.0,464.0,250.0,450.0,115.0,600.0,882.0,882.0,3153.0,1024.0,375.0,531.0,455.0,475.0,406.0,893.0,452.0,840.0,1054.0,330.0,990.0,733.0,1361.0,809.0,403.0,754.0,354.0,83.0,519.0,706.0,46,576.0,142.0,467.0,786.0,1197.0,529.0,286.0,1139.0,785.0
31,"ASSOCIATE JUSTICE OF THE SUPREME COURT, PLACE 3         ",NON,Write-In                              ,12,4.0,2.0,2.0,5.0,1.0,2.0,2.0,1.0,3.0,3.0,1.0,4.0,0.0,3.0,3.0,2.0,5.0,0.0,35.0,8.0,1.0,3.0,4.0,1.0,4.0,4.0,2.0,7.0,13.0,4.0,8.0,10.0,7.0,2.0,4.0,3.0,1.0,1.0,2.0,5.0,1,4.0,1.0,6.0,3.0,6.0,4.0,1.0,6.0,8.0
32,"ASSOCIATE JUSTICE OF THE SUPREME COURT, PLACE 3         ",   ,Over Votes                            ,0,0.0,0.0,0.0,0.0,0.0,0.0,0.0,0.0,0.0,0.0,0.0,0.0,0.0,0.0,0.0,0.0,0.0,0.0,0.0,1.0,0.0,0.0,0.0,0.0,0.0,0.0,0.0,0.0,0.0,0.0,0.0,1.0,0.0,0.0,0.0,0.0,0.0,0.0,0.0,0.0,0,0.0,0.0,0.0,1.0,0.0,0.0,0.0,0.0,0.0
33,"ASSOCIATE JUSTICE OF THE SUPREME COURT, PLACE 3         ",   ,Under Votes                           ,256,42.0,106.0,64.0,83.0,34.0,122.0,48.0,71.0,76.0,90.0,50.0,75.0,42.0,112.0,179.0,115.0,144.0,159.0,534.0,214.0,66.0,81.0,89.0,98.0,68.0,148.0,72.0,127.0,166.0,62.0,201.0,114.0,186.0,159.0,83.0,131.0,67.0,14.0,97.0,119.0,3,86.0,25.0,75.0,109.0,201.0,86.0,53.0,152.0,115.0
34,"PRESIDENT, PUBLIC SERVICE COMMISSION                    ",REP,Twinkle Andress Cavanaugh             ,1040,256.0,666.0,395.0,375.0,207.0,716.0,312.0,390.0,457.0,641.0,382.0,462.0,242.0,452.0,117.0,595.0,878.0,869.0,3140.0,1023.0,375.0,521.0,458.0,464.0,412.0,888.0,446.0,833.0,1043.0,322.0,992.0,734.0,1356.0,805.0,399.0,749.0,353.0,82.0,516.0,703.0,45,574.0,141.0,466.0,782.0,1184.0,520.0,288.0,1133.0,775.0
35,"PRESIDENT, PUBLIC SERVICE COMMISSION                    ",NON,Write-In                              ,10,4.0,4.0,6.0,5.0,2.0,8.0,1.0,1.0,5.0,5.0,2.0,6.0,2.0,5.0,8.0,2.0,4.0,2.0,41.0,6.0,3.0,6.0,5.0,3.0,3.0,6.0,3.0,8.0,16.0,8.0,11.0,8.0,10.0,6.0,6.0,4.0,1.0,2.0,2.0,11.0,0,4.0,3.0,6.0,6.0,14.0,5.0,3.0,11.0,9.0
36,"PRESIDENT, PUBLIC SERVICE COMMISSION                    ",   ,Over Votes                            ,0,1.0,0.0,0.0,0.0,0.0,1.0,0.0,0.0,0.0,0.0,0.0,0.0,0.0,0.0,0.0,0.0,1.0,0.0,2.0,0.0,0.0,0.0,0.0,0.0,0.0,0.0,0.0,1.0,0.0,0.0,0.0,0.0,1.0,0.0,0.0,0.0,1.0,0.0,0.0,0.0,0,0.0,0.0,0.0,0.0,1.0,1.0,0.0,1.0,0.0
37,"PRESIDENT, PUBLIC SERVICE COMMISSION                    ",   ,Under Votes                           ,266,39.0,110.0,66.0,88.0,33.0,125.0,51.0,76.0,77.0,99.0,54.0,75.0,48.0,108.0,172.0,120.0,148.0,170.0,539.0,218.0,64.0,88.0,85.0,107.0,63.0,151.0,77.0,132.0,174.0,66.0,196.0,116.0,187.0,159.0,85.0,135.0,67.0,14.0,100.0,116.0,5,88.0,24.0,76.0,111.0,205.0,93.0,49.0,152.0,124.0
38,"DISTRICT ATTORNEY, 32ND JUDICIAL CIRCUIT                ",REP,C. Wilson Blaylock                    ,1063,255.0,675.0,400.0,381.0,205.0,736.0,315.0,394.0,459.0,641.0,379.0,461.0,253.0,450.0,120.0,601.0,881.0,881.0,3166.0,1056.0,383.0,533.0,460.0,467.0,413.0,895.0,444.0,841.0,1052.0,328.0,1000.0,741.0,1356.0,814.0,399.0,763.0,363.0,84.0,511.0,716.0,45,578.0,140.0,470.0,791.0,1204.0,525.0,292.0,1136.0,781.0
39,"DISTRICT ATTORNEY, 32ND JUDICIAL CIRCUIT                ",NON,Write-In                              ,9,2.0,2.0,2.0,4.0,3.0,3.0,2.0,1.0,2.0,3.0,4.0,3.0,1.0,4.0,7.0,4.0,4.0,8.0,31.0,9.0,1.0,4.0,5.0,0.0,2.0,4.0,2.0,6.0,15.0,5.0,10.0,7.0,14.0,4.0,6.0,4.0,3.0,1.0,2.0,3.0,0,5.0,2.0,7.0,4.0,9.0,5.0,0.0,11.0,13.0
40,"DISTRICT ATTORNEY, 32ND JUDICIAL CIRCUIT                ",   ,Over Votes                            ,0,0.0,1.0,0.0,0.0,0.0,0.0,0.0,0.0,0.0,0.0,0.0,1.0,0.0,0.0,0.0,0.0,0.0,0.0,2.0,0.0,0.0,1.0,1.0,0.0,0.0,1.0,0.0,0.0,0.0,1.0,0.0,0.0,0.0,0.0,0.0,0.0,0.0,0.0,0.0,0.0,0,0.0,0.0,0.0,0.0,0.0,1.0,0.0,0.0,0.0
41,"DISTRICT ATTORNEY, 32ND JUDICIAL CIRCUIT                ",   ,Under Votes                           ,244,43.0,102.0,65.0,83.0,34.0,111.0,47.0,72.0,78.0,101.0,55.0,78.0,38.0,111.0,170.0,112.0,146.0,152.0,523.0,182.0,58.0,77.0,82.0,107.0,63.0,145.0,80.0,127.0,166.0,62.0,189.0,110.0,184.0,152.0,85.0,121.0,56.0,13.0,105.0,111.0,5,83.0,26.0,71.0,104.0,191.0,88.0,48.0,150.0,114.0
42,PROPOSED STATEWIDE AMENDMENT NUMBER ONE (1)             ,NON,Yes-Statewide Amendment               ,644,123.0,442.0,228.0,217.0,114.0,443.0,186.0,260.0,282.0,363.0,216.0,276.0,130.0,303.0,182.0,404.0,522.0,600.0,2084.0,738.0,263.0,272.0,301.0,265.0,232.0,570.0,233.0,500.0,674.0,214.0,633.0,430.0,825.0,490.0,239.0,462.0,183.0,56.0,285.0,408.0,26,341.0,91.0,295.0,477.0,710.0,270.0,171.0,668.0,488.0
43,PROPOSED STATEWIDE AMENDMENT NUMBER ONE (1)             ,NON,No-Statewide Amendment                ,248,82.0,141.0,101.0,111.0,61.0,184.0,62.0,90.0,102.0,191.0,107.0,122.0,103.0,105.0,35.0,128.0,256.0,205.0,760.0,254.0,94.0,146.0,110.0,144.0,129.0,233.0,130.0,232.0,302.0,94.0,269.0,213.0,367.0,256.0,120.0,227.0,101.0,17.0,146.0,197.0,7,140.0,41.0,133.0,230.0,347.0,183.0,78.0,295.0,202.0
44,PROPOSED STATEWIDE AMENDMENT NUMBER ONE (1)             ,   ,Over Votes                            ,0,0.0,0.0,0.0,1.0,0.0,0.0,0.0,0.0,0.0,0.0,1.0,0.0,0.0,0.0,0.0,0.0,0.0,0.0,4.0,0.0,0.0,1.0,0.0,1.0,0.0,0.0,0.0,1.0,0.0,0.0,0.0,0.0,1.0,0.0,1.0,1.0,0.0,0.0,0.0,1.0,0,0.0,0.0,0.0,0.0,0.0,0.0,0.0,3.0,1.0
45,PROPOSED STATEWIDE AMENDMENT NUMBER ONE (1)             ,   ,Under Votes                           ,424,95.0,197.0,138.0,139.0,67.0,223.0,116.0,117.0,155.0,191.0,114.0,145.0,59.0,157.0,80.0,185.0,253.0,236.0,874.0,255.0,85.0,196.0,137.0,164.0,117.0,242.0,163.0,241.0,257.0,88.0,297.0,215.0,361.0,224.0,130.0,198.0,138.0,25.0,187.0,224.0,17,185.0,36.0,120.0,192.0,347.0,166.0,91.0,331.0,217.0
46,PROPOSED STATEWIDE AMENDMENT NUMBER TWO (2)             ,NON,Yes-Statewide Amendment               ,737,203.0,533.0,286.0,292.0,156.0,529.0,232.0,318.0,330.0,493.0,305.0,368.0,179.0,389.0,183.0,478.0,672.0,664.0,2487.0,828.0,310.0,377.0,356.0,356.0,305.0,717.0,300.0,622.0,794.0,279.0,787.0,536.0,983.0,641.0,344.0,607.0,271.0,57.0,399.0,521.0,34,416.0,106.0,361.0,599.0,923.0,366.0,230.0,876.0,593.0
47,PROPOSED STATEWIDE AMENDMENT NUMBER TWO (2)             ,NON,No-Statewide Amendment                ,237,54.0,134.0,90.0,82.0,44.0,175.0,52.0,85.0,105.0,146.0,77.0,95.0,72.0,99.0,47.0,122.0,197.0,228.0,678.0,246.0,81.0,113.0,104.0,109.0,94.0,187.0,116.0,204.0,276.0,64.0,229.0,172.0,336.0,200.0,81.0,168.0,76.0,23.0,109.0,178.0,2,131.0,37.0,128.0,193.0,274.0,144.0,59.0,224.0,185.0
48,PROPOSED STATEWIDE AMENDMENT NUMBER TWO (2)             ,   ,Over Votes                            ,0,0.0,0.0,1.0,1.0,0.0,3.0,0.0,0.0,0.0,2.0,0.0,0.0,0.0,0.0,0.0,0.0,2.0,0.0,2.0,0.0,0.0,0.0,1.0,1.0,0.0,1.0,1.0,2.0,1.0,0.0,0.0,2.0,1.0,0.0,0.0,0.0,0.0,0.0,0.0,0.0,0,1.0,0.0,0.0,0.0,1.0,1.0,0.0,1.0,2.0
49,PROPOSED STATEWIDE AMENDMENT NUMBER TWO (2)             ,   ,Under Votes                           ,342,43.0,113.0,90.0,93.0,42.0,143.0,80.0,64.0,104.0,104.0,56.0,80.0,41.0,77.0,67.0,117.0,160.0,149.0,555.0,173.0,51.0,125.0,87.0,108.0,79.0,140.0,109.0,146.0,162.0,53.0,183.0,148.0,234.0,129.0,65.0,113.0,75.0,18.0,110.0,131.0,14,118.0,25.0,59.0,107.0,206.0,108.0,51.0,196.0,128.0
50,PROPOSED STATEWIDE AMENDMENT NUMBER THREE (3)           ,NON,Yes-Statewide Amendment               ,502,103.0,323.0,185.0,176.0,112.0,347.0,126.0,224.0,241.0,315.0,176.0,210.0,118.0,199.0,101.0,346.0,433.0,508.0,1806.0,621.0,205.0,231.0,251.0,234.0,211.0,457.0,190.0,386.0,593.0,167.0,510.0,366.0,597.0,363.0,196.0,413.0,170.0,36.0,219.0,348.0,22,304.0,74.0,223.0,412.0,646.0,224.0,145.0,547.0,386.0
51,PROPOSED STATEWIDE AMENDMENT NUMBER THREE (3)           ,NON,No-Statewide Amendment                ,341,96.0,231.0,135.0,133.0,67.0,252.0,107.0,121.0,130.0,246.0,148.0,167.0,104.0,193.0,108.0,166.0,299.0,267.0,984.0,318.0,144.0,190.0,140.0,175.0,139.0,311.0,156.0,324.0,346.0,139.0,367.0,244.0,530.0,374.0,147.0,250.0,110.0,24.0,193.0,240.0,11,156.0,55.0,183.0,276.0,381.0,215.0,99.0,368.0,283.0
52,PROPOSED STATEWIDE AMENDMENT NUMBER THREE (3)           ,   ,Over Votes                            ,0,0.0,0.0,0.0,0.0,0.0,0.0,0.0,0.0,0.0,0.0,0.0,0.0,0.0,0.0,0.0,1.0,0.0,0.0,1.0,2.0,0.0,0.0,0.0,0.0,0.0,1.0,1.0,1.0,0.0,0.0,1.0,1.0,1.0,0.0,1.0,0.0,0.0,0.0,1.0,0.0,0,0.0,0.0,0.0,0.0,0.0,0.0,0.0,0.0,0.0
53,PROPOSED STATEWIDE AMENDMENT NUMBER THREE (3)           ,   ,Under Votes                           ,473,101.0,226.0,147.0,159.0,63.0,251.0,131.0,122.0,168.0,184.0,114.0,166.0,70.0,173.0,88.0,204.0,299.0,266.0,931.0,306.0,93.0,194.0,157.0,165.0,128.0,276.0,179.0,263.0,294.0,90.0,321.0,247.0,426.0,233.0,146.0,225.0,142.0,38.0,205.0,242.0,17,206.0,39.0,142.0,211.0,377.0,180.0,96.0,382.0,239.0
54,PROPOSED STATEWIDE AMENDMENT NUMBER FOUR (4)            ,NON,Yes-Statewide Amendment               ,622,119.0,362.0,210.0,202.0,116.0,421.0,173.0,235.0,295.0,355.0,209.0,269.0,148.0,249.0,167.0,399.0,510.0,597.0,2053.0,747.0,244.0,281.0,289.0,272.0,243.0,537.0,226.0,472.0,657.0,204.0,626.0,405.0,720.0,444.0,235.0,482.0,198.0,40.0,265.0,387.0,27,356.0,77.0,291.0,468.0,735.0,272.0,173.0,656.0,478.0
55,PROPOSED STATEWIDE AMENDMENT NUMBER FOUR (4)            ,NON,No-Statewide Amendment                ,257,92.0,224.0,125.0,129.0,65.0,207.0,79.0,126.0,88.0,227.0,126.0,140.0,90.0,176.0,46.0,135.0,277.0,205.0,832.0,226.0,108.0,151.0,124.0,153.0,117.0,274.0,141.0,261.0,305.0,105.0,297.0,234.0,441.0,311.0,131.0,217.0,105.0,24.0,170.0,228.0,6,129.0,57.0,145.0,249.0,322.0,185.0,91.0,312.0,233.0
56,PROPOSED STATEWIDE AMENDMENT NUMBER FOUR (4)            ,   ,Over Votes                            ,0,0.0,0.0,0.0,1.0,0.0,0.0,0.0,0.0,0.0,0.0,0.0,0.0,0.0,0.0,0.0,0.0,1.0,0.0,3.0,0.0,0.0,0.0,0.0,1.0,0.0,0.0,1.0,0.0,1.0,0.0,2.0,0.0,0.0,2.0,0.0,0.0,0.0,0.0,0.0,2.0,0,0.0,0.0,0.0,1.0,0.0,0.0,1.0,0.0,1.0
57,PROPOSED STATEWIDE AMENDMENT NUMBER FOUR (4)            ,   ,Under Votes                           ,437,89.0,194.0,132.0,136.0,61.0,222.0,112.0,106.0,156.0,163.0,103.0,134.0,54.0,140.0,84.0,183.0,243.0,239.0,834.0,274.0,90.0,183.0,135.0,148.0,118.0,234.0,158.0,241.0,270.0,87.0,274.0,219.0,393.0,213.0,124.0,189.0,119.0,34.0,183.0,213.0,17,181.0,34.0,112.0,181.0,347.0,162.0,75.0,329.0,196.0
58,PROPOSED STATEWIDE AMENDMENT NUMBER FIVE (5)            ,NON,Yes-Statewide Amendment               ,529,96.0,308.0,179.0,170.0,104.0,340.0,150.0,214.0,238.0,296.0,155.0,211.0,135.0,218.0,102.0,351.0,443.0,502.0,1821.0,662.0,213.0,230.0,242.0,229.0,190.0,461.0,208.0,395.0,566.0,172.0,514.0,364.0,596.0,384.0,191.0,425.0,168.0,42.0,228.0,328.0,24,271.0,63.0,242.0,404.0,649.0,217.0,140.0,550.0,416.0
59,PROPOSED STATEWIDE AMENDMENT NUMBER FIVE (5)            ,NON,No-Statewide Amendment                ,312,105.0,255.0,144.0,137.0,68.0,257.0,85.0,123.0,130.0,260.0,168.0,173.0,94.0,170.0,104.0,167.0,305.0,276.0,957.0,288.0,124.0,185.0,154.0,166.0,150.0,308.0,138.0,311.0,360.0,119.0,379.0,252.0,523.0,350.0,152.0,244.0,114.0,26.0,193.0,249.0,8,192.0,66.0,178.0,288.0,374.0,219.0,98.0,368.0,259.0
60,PROPOSED STATEWIDE AMENDMENT NUMBER FIVE (5)            ,   ,Over Votes                            ,0,0.0,0.0,0.0,0.0,0.0,1.0,0.0,0.0,0.0,0.0,1.0,1.0,0.0,1.0,0.0,0.0,2.0,0.0,2.0,0.0,0.0,0.0,1.0,1.0,1.0,0.0,1.0,1.0,0.0,0.0,1.0,2.0,2.0,2.0,0.0,0.0,0.0,0.0,0.0,0.0,0,0.0,0.0,0.0,0.0,1.0,0.0,1.0,0.0,1.0
61,PROPOSED STATEWIDE AMENDMENT NUMBER FIVE (5)            ,   ,Under Votes                           ,475,99.0,217.0,144.0,161.0,70.0,252.0,129.0,130.0,171.0,189.0,114.0,158.0,63.0,176.0,91.0,199.0,281.0,263.0,942.0,297.0,105.0,200.0,151.0,178.0,137.0,276.0,179.0,267.0,307.0,105.0,305.0,240.0,433.0,234.0,147.0,219.0,140.0,30.0,197.0,253.0,18,203.0,39.0,128.0,207.0,380.0,183.0,101.0,379.0,232.0
62,PROPOSED STATEWIDE AMENDMENT NUMBER SIX (6)             ,NON,Yes-Statewide Amendment               ,393,110.0,287.0,158.0,162.0,101.0,321.0,128.0,192.0,204.0,266.0,141.0,167.0,101.0,185.0,89.0,307.0,374.0,435.0,1663.0,558.0,181.0,202.0,218.0,197.0,180.0,396.0,171.0,354.0,495.0,154.0,448.0,307.0,559.0,328.0,180.0,378.0,143.0,33.0,204.0,316.0,19,234.0,61.0,192.0,342.0,559.0,193.0,125.0,497.0,352.0
63,PROPOSED STATEWIDE AMENDMENT NUMBER SIX (6)             ,NON,No-Statewide Amendment                ,383,87.0,237.0,147.0,142.0,69.0,256.0,98.0,140.0,143.0,264.0,178.0,195.0,116.0,182.0,110.0,187.0,348.0,311.0,1019.0,329.0,137.0,198.0,157.0,189.0,154.0,330.0,161.0,328.0,387.0,124.0,413.0,266.0,504.0,372.0,146.0,250.0,126.0,32.0,185.0,239.0,11,214.0,63.0,194.0,320.0,407.0,219.0,99.0,382.0,315.0
64,PROPOSED STATEWIDE AMENDMENT NUMBER SIX (6)             ,   ,Over Votes                            ,1,0.0,0.0,1.0,0.0,0.0,0.0,0.0,0.0,0.0,0.0,0.0,1.0,0.0,1.0,0.0,1.0,1.0,0.0,2.0,0.0,0.0,0.0,1.0,1.0,0.0,0.0,0.0,0.0,0.0,0.0,2.0,1.0,0.0,0.0,0.0,0.0,0.0,0.0,0.0,0.0,0,0.0,0.0,0.0,0.0,0.0,1.0,0.0,0.0,0.0
65,PROPOSED STATEWIDE AMENDMENT NUMBER SIX (6)             ,   ,Under Votes                           ,539,103.0,256.0,161.0,164.0,72.0,273.0,138.0,135.0,192.0,215.0,119.0,180.0,75.0,197.0,98.0,222.0,308.0,295.0,1038.0,360.0,124.0,215.0,172.0,187.0,144.0,319.0,194.0,292.0,351.0,118.0,336.0,284.0,491.0,270.0,164.0,260.0,153.0,33.0,229.0,275.0,20,218.0,44.0,162.0,237.0,438.0,206.0,116.0,418.0,241.0
66,PROPOSED STATEWIDE AMENDMENT NUMBER SEVEN (7)           ,NON,Yes-Statewide Amendment               ,408,71.0,263.0,128.0,134.0,90.0,209.0,91.0,129.0,156.0,222.0,131.0,162.0,97.0,170.0,70.0,229.0,311.0,311.0,1154.0,386.0,139.0,140.0,171.0,159.0,144.0,309.0,142.0,291.0,417.0,114.0,361.0,283.0,431.0,268.0,138.0,241.0,116.0,31.0,163.0,229.0,21,212.0,58.0,159.0,286.0,442.0,179.0,98.0,398.0,306.0
67,PROPOSED STATEWIDE AMENDMENT NUMBER SEVEN (7)           ,NON,No-Statewide Amendment                ,219,64.0,140.0,94.0,79.0,44.0,179.0,55.0,86.0,94.0,181.0,88.0,107.0,58.0,100.0,104.0,108.0,215.0,186.0,716.0,216.0,90.0,138.0,94.0,115.0,113.0,211.0,114.0,224.0,255.0,92.0,282.0,183.0,365.0,225.0,106.0,174.0,76.0,11.0,120.0,196.0,5,118.0,39.0,119.0,199.0,282.0,147.0,60.0,249.0,190.0
68,PROPOSED STATEWIDE AMENDMENT NUMBER SEVEN (7)           ,   ,Over Votes                            ,0,0.0,1.0,0.0,1.0,0.0,0.0,1.0,0.0,0.0,0.0,0.0,0.0,0.0,0.0,0.0,2.0,1.0,0.0,0.0,0.0,0.0,1.0,0.0,0.0,0.0,1.0,0.0,0.0,0.0,0.0,1.0,0.0,1.0,0.0,0.0,1.0,0.0,0.0,0.0,0.0,0,0.0,0.0,1.0,0.0,0.0,0.0,0.0,1.0,0.0
69,PROPOSED STATEWIDE AMENDMENT NUMBER SEVEN (7)           ,   ,Under Votes                           ,689,165.0,376.0,245.0,254.0,108.0,462.0,217.0,252.0,289.0,342.0,219.0,274.0,137.0,295.0,123.0,378.0,504.0,544.0,1852.0,645.0,213.0,336.0,283.0,300.0,221.0,524.0,270.0,459.0,561.0,190.0,555.0,392.0,757.0,477.0,246.0,472.0,230.0,56.0,335.0,405.0,24,336.0,71.0,269.0,414.0,680.0,293.0,182.0,649.0,412.0
70,PROPOSED STATEWIDE AMENDMENT NUMBER EIGHT (8)           ,NON,Yes-Statewide Amendment               ,671,139.0,460.0,247.0,233.0,122.0,459.0,194.0,263.0,275.0,411.0,254.0,321.0,178.0,300.0,123.0,440.0,590.0,617.0,2246.0,756.0,259.0,305.0,314.0,303.0,255.0,623.0,255.0,556.0,731.0,228.0,706.0,489.0,841.0,554.0,262.0,536.0,224.0,52.0,331.0,432.0,28,381.0,93.0,328.0,504.0,797.0,334.0,196.0,733.0,552.0
71,PROPOSED STATEWIDE AMENDMENT NUMBER EIGHT (8)           ,NON,No-Statewide Amendment                ,209,73.0,138.0,91.0,90.0,55.0,169.0,65.0,101.0,103.0,167.0,89.0,97.0,56.0,115.0,85.0,109.0,199.0,200.0,647.0,208.0,88.0,117.0,87.0,114.0,101.0,187.0,117.0,199.0,225.0,77.0,223.0,156.0,322.0,217.0,97.0,160.0,70.0,16.0,113.0,167.0,6,105.0,45.0,120.0,218.0,281.0,130.0,60.0,255.0,172.0
72,PROPOSED STATEWIDE AMENDMENT NUMBER EIGHT (8)           ,   ,Over Votes                            ,2,0.0,0.0,0.0,0.0,0.0,0.0,0.0,0.0,0.0,0.0,1.0,0.0,0.0,0.0,0.0,1.0,1.0,0.0,2.0,0.0,0.0,0.0,1.0,0.0,1.0,2.0,0.0,0.0,2.0,0.0,0.0,0.0,0.0,1.0,1.0,0.0,0.0,0.0,1.0,0.0,0,0.0,0.0,0.0,0.0,0.0,0.0,0.0,0.0,0.0
73,PROPOSED STATEWIDE AMENDMENT NUMBER EIGHT (8)           ,   ,Under Votes                           ,434,88.0,182.0,129.0,145.0,65.0,222.0,105.0,103.0,161.0,167.0,94.0,125.0,58.0,150.0,89.0,167.0,241.0,224.0,827.0,283.0,95.0,193.0,146.0,157.0,121.0,233.0,154.0,219.0,275.0,91.0,270.0,213.0,391.0,198.0,130.0,192.0,128.0,30.0,173.0,231.0,16,180.0,30.0,100.0,177.0,326.0,155.0,84.0,309.0,184.0
74,PROPOSED STATEWIDE AMENDMENT NUMBER NINE (9)            ,NON,Yes-Statewide Amendment               ,356,52.0,241.0,95.0,95.0,64.0,174.0,74.0,121.0,137.0,187.0,116.0,139.0,66.0,128.0,76.0,195.0,257.0,252.0,1031.0,321.0,114.0,139.0,138.0,140.0,124.0,268.0,126.0,232.0,333.0,102.0,327.0,231.0,386.0,234.0,117.0,218.0,84.0,21.0,146.0,195.0,21,160.0,54.0,119.0,206.0,383.0,141.0,80.0,355.0,262.0
75,PROPOSED STATEWIDE AMENDMENT NUMBER NINE (9)            ,NON,No-Statewide Amendment                ,269,88.0,172.0,120.0,111.0,68.0,214.0,70.0,95.0,124.0,216.0,101.0,132.0,88.0,142.0,100.0,144.0,263.0,257.0,891.0,285.0,116.0,151.0,116.0,126.0,131.0,252.0,131.0,281.0,327.0,98.0,311.0,229.0,424.0,267.0,113.0,215.0,110.0,23.0,141.0,231.0,5,175.0,45.0,156.0,271.0,367.0,193.0,78.0,290.0,233.0
76,PROPOSED STATEWIDE AMENDMENT NUMBER NINE (9)            ,   ,Over Votes                            ,0,0.0,0.0,0.0,1.0,0.0,0.0,0.0,0.0,0.0,0.0,0.0,0.0,0.0,0.0,0.0,1.0,2.0,0.0,1.0,0.0,0.0,0.0,0.0,0.0,0.0,1.0,1.0,1.0,0.0,0.0,0.0,0.0,0.0,0.0,0.0,0.0,0.0,0.0,0.0,0.0,0,0.0,0.0,1.0,2.0,0.0,1.0,0.0,0.0,0.0
77,PROPOSED STATEWIDE AMENDMENT NUMBER NINE (9)            ,   ,Under Votes                           ,691,160.0,367.0,252.0,261.0,110.0,462.0,220.0,251.0,278.0,342.0,221.0,272.0,138.0,295.0,121.0,377.0,509.0,532.0,1799.0,641.0,212.0,325.0,294.0,308.0,223.0,524.0,268.0,460.0,573.0,196.0,561.0,398.0,744.0,469.0,260.0,455.0,228.0,54.0,331.0,404.0,24,331.0,69.0,272.0,420.0,654.0,284.0,182.0,652.0,413.0
78,PROPOSED STATEWIDE AMENDMENT NUMBER TEN (10)            ,NON,Yes-Statewide Amendment               ,411,54.0,262.0,112.0,110.0,83.0,235.0,88.0,129.0,159.0,221.0,124.0,166.0,64.0,166.0,134.0,230.0,287.0,331.0,1162.0,372.0,135.0,144.0,163.0,157.0,129.0,324.0,138.0,306.0,407.0,122.0,373.0,282.0,446.0,273.0,135.0,267.0,102.0,31.0,154.0,232.0,18,181.0,59.0,152.0,270.0,439.0,190.0,100.0,408.0,298.0
79,PROPOSED STATEWIDE AMENDMENT NUMBER TEN (10)            ,NON,No-Statewide Amendment                ,200,78.0,151.0,105.0,93.0,48.0,157.0,64.0,82.0,97.0,183.0,87.0,112.0,85.0,114.0,36.0,105.0,225.0,175.0,688.0,220.0,86.0,139.0,94.0,110.0,118.0,203.0,118.0,212.0,263.0,81.0,264.0,177.0,353.0,240.0,106.0,163.0,88.0,12.0,130.0,193.0,9,137.0,37.0,126.0,196.0,302.0,144.0,54.0,240.0,187.0
80,PROPOSED STATEWIDE AMENDMENT NUMBER TEN (10)            ,   ,Over Votes                            ,0,0.0,0.0,0.0,0.0,0.0,0.0,0.0,0.0,0.0,0.0,1.0,0.0,0.0,0.0,0.0,2.0,1.0,0.0,3.0,1.0,0.0,0.0,0.0,0.0,1.0,1.0,0.0,0.0,1.0,0.0,0.0,0.0,0.0,0.0,0.0,0.0,0.0,0.0,0.0,0.0,0,0.0,0.0,0.0,0.0,0.0,1.0,0.0,0.0,0.0
81,PROPOSED STATEWIDE AMENDMENT NUMBER TEN (10)            ,   ,Under Votes                           ,705,168.0,367.0,250.0,265.0,111.0,458.0,212.0,256.0,283.0,341.0,226.0,265.0,143.0,285.0,127.0,380.0,518.0,535.0,1869.0,654.0,221.0,332.0,291.0,307.0,230.0,517.0,270.0,456.0,562.0,193.0,562.0,399.0,755.0,457.0,249.0,458.0,232.0,55.0,334.0,405.0,23,348.0,72.0,270.0,433.0,663.0,284.0,186.0,649.0,423.0
82,PROPOSED STATEWIDE AMENDMENT NUMBER ELEVEN (11)         ,NON,Yes-Statewide Amendment               ,444,93.0,284.0,148.0,122.0,84.0,278.0,106.0,134.0,179.0,239.0,138.0,164.0,73.0,178.0,130.0,282.0,339.0,360.0,1389.0,457.0,136.0,174.0,199.0,184.0,168.0,316.0,129.0,341.0,442.0,108.0,386.0,285.0,515.0,313.0,158.0,304.0,119.0,34.0,199.0,247.0,22,214.0,49.0,182.0,292.0,457.0,184.0,96.0,444.0,309.0
83,PROPOSED STATEWIDE AMENDMENT NUMBER ELEVEN (11)         ,NON,No-Statewide Amendment                ,346,101.0,256.0,164.0,173.0,93.0,305.0,123.0,197.0,166.0,291.0,173.0,197.0,144.0,182.0,75.0,216.0,382.0,390.0,1303.0,427.0,171.0,240.0,176.0,205.0,164.0,423.0,201.0,354.0,467.0,167.0,463.0,304.0,559.0,385.0,172.0,332.0,152.0,30.0,201.0,306.0,12,231.0,74.0,214.0,369.0,506.0,249.0,123.0,438.0,352.0
84,PROPOSED STATEWIDE AMENDMENT NUMBER ELEVEN (11)         ,   ,Over Votes                            ,0,0.0,0.0,0.0,0.0,0.0,0.0,2.0,0.0,1.0,1.0,1.0,0.0,0.0,0.0,0.0,0.0,1.0,1.0,4.0,1.0,0.0,0.0,0.0,2.0,1.0,0.0,1.0,0.0,1.0,0.0,1.0,0.0,1.0,0.0,0.0,1.0,0.0,0.0,1.0,2.0,0,0.0,0.0,1.0,0.0,3.0,0.0,0.0,0.0,0.0
85,PROPOSED STATEWIDE AMENDMENT NUMBER ELEVEN (11)         ,   ,Under Votes                           ,526,106.0,240.0,155.0,173.0,65.0,267.0,133.0,136.0,193.0,214.0,126.0,182.0,75.0,205.0,92.0,219.0,309.0,290.0,1026.0,362.0,135.0,201.0,173.0,183.0,145.0,306.0,195.0,279.0,323.0,121.0,349.0,269.0,479.0,272.0,160.0,251.0,151.0,34.0,217.0,275.0,16,221.0,45.0,151.0,238.0,438.0,186.0,121.0,415.0,247.0
86,PROPOSED STATEWIDE AMENDMENT NUMBER TWELVE (12)         ,NON,Yes-Statewide Amendment               ,272,38.0,165.0,83.0,88.0,51.0,144.0,55.0,84.0,125.0,158.0,76.0,103.0,66.0,113.0,106.0,171.0,217.0,238.0,883.0,288.0,81.0,105.0,124.0,118.0,107.0,191.0,102.0,193.0,300.0,72.0,261.0,182.0,317.0,160.0,95.0,189.0,88.0,17.0,104.0,166.0,14,154.0,35.0,117.0,178.0,299.0,120.0,61.0,279.0,196.0
87,PROPOSED STATEWIDE AMENDMENT NUMBER TWELVE (12)         ,NON,No-Statewide Amendment                ,385,104.0,261.0,155.0,130.0,87.0,270.0,112.0,149.0,139.0,277.0,148.0,180.0,89.0,181.0,73.0,194.0,330.0,303.0,1086.0,350.0,152.0,197.0,157.0,179.0,151.0,381.0,158.0,354.0,424.0,146.0,406.0,310.0,528.0,371.0,161.0,261.0,124.0,34.0,197.0,281.0,14,184.0,61.0,181.0,318.0,455.0,230.0,102.0,413.0,324.0
88,PROPOSED STATEWIDE AMENDMENT NUMBER TWELVE (12)         ,   ,Over Votes                            ,0,0.0,0.0,1.0,0.0,0.0,0.0,2.0,0.0,0.0,0.0,0.0,0.0,0.0,0.0,0.0,1.0,1.0,0.0,2.0,0.0,0.0,0.0,1.0,0.0,1.0,0.0,0.0,1.0,0.0,0.0,0.0,0.0,1.0,0.0,0.0,0.0,0.0,0.0,0.0,0.0,0,1.0,0.0,0.0,0.0,0.0,0.0,0.0,0.0,1.0
89,PROPOSED STATEWIDE AMENDMENT NUMBER TWELVE (12)         ,   ,Under Votes                           ,659,158.0,354.0,228.0,250.0,104.0,436.0,195.0,234.0,275.0,310.0,214.0,260.0,137.0,271.0,118.0,351.0,483.0,500.0,1751.0,609.0,209.0,313.0,266.0,277.0,219.0,473.0,266.0,426.0,509.0,178.0,532.0,366.0,708.0,439.0,234.0,438.0,210.0,47.0,317.0,383.0,22,327.0,72.0,250.0,403.0,650.0,269.0,177.0,605.0,387.0
90,PROPOSED STATEWIDE AMENDMENT NUMBER THIRTEEN (13)       ,NON,Yes-Statewide Amendment               ,469,75.0,269.0,177.0,138.0,97.0,295.0,119.0,162.0,216.0,248.0,135.0,186.0,110.0,201.0,131.0,277.0,373.0,413.0,1563.0,529.0,163.0,210.0,209.0,194.0,172.0,355.0,163.0,363.0,466.0,128.0,488.0,331.0,550.0,344.0,174.0,353.0,138.0,34.0,227.0,304.0,17,237.0,72.0,207.0,353.0,531.0,204.0,132.0,440.0,351.0
91,PROPOSED STATEWIDE AMENDMENT NUMBER THIRTEEN (13)       ,NON,No-Statewide Amendment                ,387,124.0,292.0,143.0,175.0,80.0,302.0,116.0,176.0,154.0,306.0,191.0,207.0,115.0,186.0,77.0,231.0,374.0,362.0,1204.0,409.0,165.0,209.0,178.0,204.0,169.0,397.0,171.0,357.0,468.0,161.0,402.0,276.0,554.0,383.0,163.0,319.0,149.0,32.0,198.0,275.0,16,226.0,59.0,205.0,333.0,494.0,239.0,109.0,472.0,332.0
92,PROPOSED STATEWIDE AMENDMENT NUMBER THIRTEEN (13)       ,   ,Over Votes                            ,1,0.0,0.0,0.0,1.0,0.0,1.0,0.0,0.0,0.0,0.0,0.0,0.0,0.0,0.0,0.0,1.0,1.0,0.0,3.0,2.0,0.0,1.0,0.0,1.0,0.0,0.0,1.0,0.0,0.0,0.0,2.0,2.0,0.0,1.0,0.0,0.0,0.0,0.0,1.0,0.0,0,0.0,0.0,1.0,1.0,0.0,2.0,1.0,1.0,1.0
93,PROPOSED STATEWIDE AMENDMENT NUMBER THIRTEEN (13)       ,   ,Under Votes                           ,459,101.0,219.0,147.0,154.0,65.0,252.0,129.0,129.0,169.0,191.0,112.0,150.0,67.0,178.0,89.0,208.0,283.0,266.0,952.0,307.0,114.0,195.0,161.0,175.0,137.0,293.0,191.0,254.0,299.0,107.0,307.0,249.0,450.0,242.0,153.0,216.0,135.0,32.0,192.0,251.0,17,203.0,37.0,135.0,212.0,379.0,174.0,98.0,384.0,224.0
94,PROPOSED STATEWIDE AMENDMENT NUMBER FOURTEEN (14)       ,NON,Yes-Statewide Amendment               ,426,117.0,341.0,220.0,196.0,116.0,388.0,160.0,222.0,229.0,366.0,192.0,249.0,149.0,264.0,171.0,385.0,466.0,519.0,1925.0,675.0,226.0,251.0,272.0,271.0,196.0,507.0,216.0,431.0,623.0,184.0,548.0,403.0,698.0,448.0,195.0,459.0,184.0,41.0,236.0,353.0,27,322.0,83.0,266.0,440.0,640.0,247.0,151.0,616.0,417.0
95,PROPOSED STATEWIDE AMENDMENT NUMBER FOURTEEN (14)       ,NON,No-Statewide Amendment                ,335,87.0,209.0,110.0,127.0,68.0,212.0,70.0,119.0,136.0,208.0,134.0,137.0,75.0,146.0,55.0,134.0,273.0,243.0,851.0,238.0,109.0,152.0,113.0,133.0,143.0,256.0,136.0,271.0,314.0,103.0,336.0,213.0,423.0,281.0,142.0,221.0,92.0,25.0,164.0,220.0,7,138.0,47.0,156.0,255.0,376.0,192.0,83.0,324.0,268.0
96,PROPOSED STATEWIDE AMENDMENT NUMBER FOURTEEN (14)       ,   ,Over Votes                            ,0,0.0,1.0,1.0,0.0,0.0,0.0,0.0,0.0,0.0,0.0,0.0,0.0,0.0,0.0,0.0,0.0,0.0,0.0,2.0,0.0,0.0,1.0,1.0,0.0,0.0,0.0,1.0,3.0,0.0,0.0,0.0,2.0,1.0,0.0,0.0,0.0,0.0,0.0,1.0,1.0,0,0.0,0.0,0.0,1.0,0.0,0.0,0.0,0.0,0.0
97,PROPOSED STATEWIDE AMENDMENT NUMBER FOURTEEN (14)       ,   ,Under Votes                           ,555,96.0,229.0,136.0,145.0,58.0,250.0,134.0,126.0,174.0,171.0,112.0,157.0,68.0,155.0,71.0,198.0,292.0,279.0,944.0,334.0,107.0,211.0,162.0,170.0,139.0,282.0,173.0,269.0,296.0,109.0,315.0,240.0,432.0,241.0,153.0,208.0,146.0,32.0,217.0,256.0,16,206.0,38.0,126.0,203.0,388.0,180.0,106.0,357.0,223.0
98,"DISTRICT COURT JUDGE, CULLMAN COUNTY, PLACE NO. 1       ",REP,Kim J. Chaney                         ,1072,262.0,684.0,409.0,390.0,208.0,746.0,314.0,403.0,469.0,656.0,390.0,470.0,253.0,462.0,127.0,604.0,881.0,890.0,3218.0,1073.0,386.0,544.0,466.0,479.0,415.0,898.0,443.0,848.0,1070.0,336.0,1012.0,745.0,1376.0,836.0,399.0,776.0,368.0,84.0,516.0,726.0,46,585.0,140.0,473.0,802.0,1204.0,536.0,296.0,1141.0,790.0
99,"DISTRICT COURT JUDGE, CULLMAN COUNTY, PLACE NO. 1       ",NON,Write-In                              ,5,2.0,2.0,3.0,3.0,2.0,6.0,0.0,0.0,1.0,3.0,0.0,1.0,1.0,4.0,4.0,6.0,9.0,2.0,26.0,6.0,0.0,5.0,2.0,2.0,7.0,8.0,4.0,8.0,13.0,3.0,8.0,4.0,9.0,3.0,6.0,3.0,1.0,1.0,2.0,3.0,0,4.0,2.0,6.0,4.0,11.0,6.0,0.0,6.0,8.0
100,"DISTRICT COURT JUDGE, CULLMAN COUNTY, PLACE NO. 1       ",   ,Over Votes                            ,4,0.0,0.0,0.0,0.0,0.0,0.0,0.0,0.0,0.0,0.0,0.0,0.0,0.0,0.0,0.0,0.0,0.0,0.0,2.0,1.0,0.0,0.0,0.0,0.0,0.0,0.0,0.0,0.0,0.0,0.0,0.0,0.0,0.0,1.0,0.0,0.0,0.0,0.0,0.0,0.0,0,0.0,0.0,0.0,0.0,2.0,0.0,0.0,0.0,1.0
101,"DISTRICT COURT JUDGE, CULLMAN COUNTY, PLACE NO. 1       ",   ,Under Votes                           ,235,36.0,94.0,55.0,75.0,32.0,98.0,50.0,64.0,69.0,86.0,48.0,72.0,38.0,99.0,166.0,107.0,141.0,149.0,476.0,167.0,56.0,66.0,80.0,93.0,56.0,139.0,79.0,118.0,150.0,57.0,179.0,109.0,169.0,130.0,85.0,109.0,53.0,13.0,100.0,101.0,4,77.0,26.0,69.0,93.0,187.0,77.0,44.0,150.0,109.0
102,"CHAIRMAN, CULLMAN COUNTY COMMISSION                     ",REP,Kenneth Walker                        ,1065,257.0,682.0,396.0,390.0,204.0,743.0,309.0,408.0,456.0,653.0,387.0,460.0,253.0,446.0,121.0,598.0,869.0,889.0,3172.0,1043.0,378.0,538.0,468.0,478.0,413.0,887.0,446.0,848.0,1054.0,334.0,1002.0,742.0,1386.0,812.0,400.0,761.0,360.0,84.0,516.0,719.0,45,587.0,139.0,469.0,786.0,1194.0,532.0,296.0,1130.0,787.0
103,"CHAIRMAN, CULLMAN COUNTY COMMISSION                     ",NON,Write-In                              ,6,4.0,5.0,7.0,3.0,1.0,7.0,4.0,2.0,1.0,2.0,4.0,5.0,1.0,4.0,6.0,2.0,11.0,1.0,35.0,7.0,1.0,6.0,4.0,3.0,4.0,6.0,2.0,8.0,14.0,3.0,10.0,8.0,10.0,7.0,5.0,4.0,4.0,1.0,2.0,4.0,0,6.0,2.0,7.0,6.0,14.0,5.0,0.0,12.0,10.0
104,"CHAIRMAN, CULLMAN COUNTY COMMISSION                     ",   ,Over Votes                            ,0,0.0,0.0,0.0,0.0,1.0,0.0,0.0,0.0,0.0,0.0,1.0,0.0,0.0,0.0,0.0,0.0,0.0,0.0,0.0,1.0,0.0,0.0,0.0,0.0,0.0,0.0,0.0,0.0,0.0,0.0,0.0,0.0,0.0,0.0,0.0,0.0,0.0,0.0,0.0,0.0,0,0.0,0.0,0.0,0.0,0.0,0.0,0.0,0.0,0.0
105,"CHAIRMAN, CULLMAN COUNTY COMMISSION                     ",   ,Under Votes                           ,245,39.0,93.0,64.0,75.0,36.0,100.0,51.0,57.0,82.0,90.0,46.0,78.0,38.0,115.0,170.0,117.0,151.0,151.0,515.0,196.0,63.0,71.0,76.0,93.0,61.0,152.0,78.0,118.0,165.0,59.0,187.0,108.0,158.0,151.0,85.0,123.0,58.0,13.0,100.0,107.0,5,73.0,27.0,72.0,107.0,196.0,82.0,44.0,155.0,111.0
106,"MEMBER, CULLMAN COUNTY BOARD OF EDUCATION,              ",REP,Gene Sullins                          ,131,,,405.0,396.0,,,314.0,402.0,,,,,,,,,,,,,,,,,,887.0,,,,,,,,815.0,,,362.0,,,,2,,,,,,,,1141.0,
107,"MEMBER, CULLMAN COUNTY BOARD OF EDUCATION,              ",NON,Write-In                              ,1,,,1.0,3.0,,,4.0,0.0,,,,,,,,,,,,,,,,,,10.0,,,,,,,,6.0,,,2.0,,,,0,,,,,,,,15.0,
108,"MEMBER, CULLMAN COUNTY BOARD OF EDUCATION,              ",   ,Over Votes                            ,0,,,0.0,0.0,,,0.0,0.0,,,,,,,,,,,,,,,,,,0.0,,,,,,,,0.0,,,0.0,,,,0,,,,,,,,0.0,
109,"MEMBER, CULLMAN COUNTY BOARD OF EDUCATION,              ",   ,Under Votes                           ,23,,,61.0,69.0,,,46.0,65.0,,,,,,,,,,,,,,,,,,148.0,,,,,,,,149.0,,,58.0,,,,1,,,,,,,,141.0,
110,"MEMBER, CULLMAN COUNTY BOARD OF EDUCATION,              ",REP,Heath Allbright                       ,84,,,,,,730.0,,,,,384.0,,,,,,,,,,,,52.0,,,,,,,,,,1397.0,,,,,,511.0,,8,,,,,,536.0,,,
111,"MEMBER, CULLMAN COUNTY BOARD OF EDUCATION,              ",NON,Write-In                              ,0,,,,,,3.0,,,,,2.0,,,,,,,,,,,,0.0,,,,,,,,,,6.0,,,,,,2.0,,0,,,,,,6.0,,,
112,"MEMBER, CULLMAN COUNTY BOARD OF EDUCATION,              ",   ,Over Votes                            ,0,,,,,,0.0,,,,,0.0,,,,,,,,,,,,0.0,,,,,,,,,,0.0,,,,,,0.0,,0,,,,,,0.0,,,
113,"MEMBER, CULLMAN COUNTY BOARD OF EDUCATION,              ",   ,Under Votes                           ,18,,,,,,117.0,,,,,52.0,,,,,,,,,,,,8.0,,,,,,,,,,151.0,,,,,,105.0,,0,,,,,,77.0,,,
114,"MEMBER, CULLMAN COUNTY BOARD OF EDUCATION,              ",REP,Wayne Myrex                           ,89,143.0,,,,121.0,,,,,539.0,,403.0,,338.0,,,738.0,,,,,,,,,,,,,,,,,,,,,,,,2,,,,,,,,,
115,"MEMBER, CULLMAN COUNTY BOARD OF EDUCATION,              ",IND,Laurita C. Hogland                    ,35,150.0,,,,113.0,,,,,170.0,,122.0,,207.0,,,198.0,,,,,,,,,,,,,,,,,,,,,,,,3,,,,,,,,,
116,"MEMBER, CULLMAN COUNTY BOARD OF EDUCATION,              ",NON,Write-In                              ,0,0.0,,,,0.0,,,,,0.0,,1.0,,0.0,,,1.0,,,,,,,,,,,,,,,,,,,,,,,,0,,,,,,,,,
117,"MEMBER, CULLMAN COUNTY BOARD OF EDUCATION,              ",   ,Over Votes                            ,0,0.0,,,,0.0,,,,,1.0,,0.0,,1.0,,,0.0,,,,,,,,,,,,,,,,,,,,,,,,0,,,,,,,,,
118,"MEMBER, CULLMAN COUNTY BOARD OF EDUCATION,              ",   ,Under Votes                           ,5,7.0,,,,8.0,,,,,35.0,,17.0,,19.0,,,94.0,,,,,,,,,,,,,,,,,,,,,,,,0,,,,,,,,,
