,Contest Title,Party,Candidate,ABSENTEE        BS 1-20,ABSENTEE        BS 21-45,ABUNDANT LIFE CH,ARGO FIRE DEPT_,BETHEL ASSEMBLY OF GOD CH,BEVILL ST_ COMMUNITY COLL,BOLDO COMM_ CTR_,CARBON HILL COMM_ CTR_,COPELAND FERRY CHURCH GOD,CORDOVA VFW BLDG,CORONA BAPTIST CHURCH,CROSSROADS CHURCH CHRIST,CURRY-COMMUNITY CTR_,DILWORTH COMM_ CTR_,DORA CIVIC CENTER,ELDRIDGE CITY HALL,EMPIRE UNION BLDG_,FARMSTEAD BAPTIST,JASPER MALL,KANSAS CITY HALL,LIBERTY HILL CHURCH,MANCHESTER COMM_ BLDG,MCCOLLUM MIDWAY FIRE/RESC,MCCOLLUM NATL GUARD,MEADOWSMITH LIBRARY/FRISC,MEMORIAL PARK NATATORIUM,NAUVOO CITY HALL,NEW BETHANY CH GOD,NEW HOPE MISSIONARY,OAKMAN COMMUNITY CTR_,OLD HERMAN CHURCH,PARRISH HIGH SCH_ GYM,PINEYWOODS FIRE DEPT_,PLEASANTFIELD COMMUNITY,POCAHONTAS FREEWILL CHURC,PROSPECT METH_ CHURCH,PROVISIONAL     BS 1-20,PROVISIONAL     BS 21-45,RICES CHAPEL CH,SARAGOSSA COMMUNITY CTR_,SIPSEY COMMUNITY CTR_,THACH SCHOOL,TOWNLEY ODD FELLOWS,TOWNLEY VOL_ FIRE DEPT_#2,TUTWILER FIRE DEPT,TWILLEY TOWN CHURCH,UNION CHAPEL COMM_ CTR_,UNION HALL GOODSPRINGS,WESTSIDE BAPTIST
0,REGISTERED VOTERS - TOTAL                               ,   ,Registered Voters - Total             ,0.0,0.0,399.0,515.0,540.0,2663.0,1401.0,1804.0,384.0,2477.0,212.0,492.0,1764.0,512.0,1987.0,304.0,1298.0,3151.0,3330.0,279.0,112.0,568.0,547.0,386.0,2277.0,1747.0,893.0,402.0,1058.0,1249.0,594.0,1933.0,854.0,202.0,396.0,1108.0,0.0,0.0,288.0,666.0,886.0,862.0,348.0,311.0,422.0,762.0,1784.0,689.0,1528.0
1,BALLOTS CAST - TOTAL                                    ,   ,Ballots Cast - Total                  ,375.0,201.0,267.0,323.0,337.0,1673.0,937.0,956.0,234.0,1443.0,136.0,323.0,1199.0,323.0,1194.0,211.0,771.0,2166.0,2252.0,179.0,80.0,345.0,341.0,225.0,1213.0,1008.0,541.0,267.0,657.0,815.0,424.0,1139.0,565.0,133.0,243.0,658.0,71.0,0.0,199.0,429.0,538.0,551.0,215.0,221.0,260.0,493.0,1110.0,453.0,796.0
2,STRAIGHT PARTY                                          ,DEM,Alabama Democratic Party              ,75.0,12.0,4.0,35.0,34.0,85.0,46.0,103.0,11.0,152.0,11.0,11.0,48.0,24.0,186.0,4.0,50.0,81.0,123.0,14.0,3.0,20.0,22.0,10.0,297.0,79.0,46.0,9.0,28.0,103.0,23.0,140.0,15.0,4.0,20.0,43.0,7.0,0.0,12.0,16.0,102.0,21.0,20.0,10.0,14.0,117.0,53.0,32.0,282.0
3,STRAIGHT PARTY                                          ,REP,Alabama Republican Party              ,183.0,97.0,74.0,129.0,127.0,769.0,349.0,315.0,113.0,494.0,49.0,99.0,428.0,143.0,476.0,83.0,312.0,753.0,793.0,53.0,36.0,109.0,90.0,82.0,334.0,304.0,188.0,105.0,233.0,273.0,155.0,354.0,170.0,51.0,74.0,210.0,32.0,0.0,87.0,152.0,164.0,193.0,76.0,85.0,128.0,180.0,419.0,183.0,160.0
4,STRAIGHT PARTY                                          ,PEO,The People'S Party                    ,3.0,0.0,5.0,6.0,5.0,14.0,8.0,15.0,1.0,0.0,1.0,8.0,6.0,1.0,9.0,1.0,5.0,12.0,16.0,0.0,0.0,1.0,4.0,0.0,0.0,9.0,8.0,4.0,11.0,0.0,4.0,6.0,6.0,0.0,2.0,8.0,0.0,0.0,3.0,2.0,6.0,5.0,2.0,4.0,0.0,3.0,0.0,0.0,12.0
5,STRAIGHT PARTY                                          ,   ,Over Votes                            ,0.0,1.0,0.0,0.0,0.0,3.0,1.0,0.0,0.0,2.0,0.0,0.0,0.0,0.0,1.0,0.0,2.0,1.0,1.0,0.0,0.0,0.0,0.0,0.0,0.0,2.0,0.0,0.0,1.0,0.0,0.0,1.0,0.0,0.0,1.0,0.0,0.0,0.0,0.0,0.0,0.0,0.0,0.0,1.0,0.0,0.0,1.0,0.0,0.0
6,STRAIGHT PARTY                                          ,   ,Under Votes                           ,224.0,133.0,184.0,153.0,171.0,802.0,533.0,523.0,109.0,795.0,75.0,205.0,717.0,155.0,522.0,123.0,402.0,1319.0,1319.0,112.0,41.0,215.0,225.0,133.0,582.0,614.0,299.0,149.0,384.0,439.0,242.0,643.0,374.0,78.0,146.0,397.0,0.0,0.0,97.0,259.0,266.0,332.0,117.0,121.0,118.0,193.0,637.0,238.0,342.0
7,PRESIDENT AND VICE PRESIDENT OF THE UNITED STATES       ,DEM,Hillary Rodham Clinton                ,119.0,36.0,25.0,56.0,46.0,145.0,86.0,179.0,22.0,255.0,19.0,24.0,106.0,32.0,245.0,13.0,77.0,201.0,310.0,23.0,7.0,33.0,44.0,22.0,429.0,165.0,83.0,13.0,61.0,147.0,39.0,216.0,44.0,11.0,37.0,73.0,11.0,0.0,21.0,46.0,141.0,41.0,34.0,21.0,26.0,136.0,113.0,50.0,414.0
8,PRESIDENT AND VICE PRESIDENT OF THE UNITED STATES       ,REP,Donald J. Trump                       ,364.0,200.0,232.0,250.0,285.0,1480.0,818.0,750.0,208.0,1135.0,113.0,291.0,1057.0,284.0,915.0,193.0,671.0,1902.0,1866.0,150.0,71.0,303.0,289.0,195.0,745.0,803.0,440.0,251.0,574.0,648.0,374.0,897.0,509.0,114.0,201.0,568.0,58.0,0.0,176.0,370.0,380.0,491.0,172.0,191.0,226.0,345.0,959.0,391.0,361.0
9,PRESIDENT AND VICE PRESIDENT OF THE UNITED STATES       ,IND,Gary Johnson                          ,9.0,4.0,7.0,7.0,5.0,26.0,14.0,8.0,2.0,26.0,1.0,3.0,16.0,2.0,17.0,1.0,16.0,34.0,37.0,5.0,2.0,5.0,3.0,4.0,25.0,17.0,6.0,1.0,8.0,8.0,7.0,24.0,10.0,5.0,1.0,9.0,1.0,0.0,1.0,5.0,10.0,9.0,3.0,7.0,3.0,6.0,17.0,7.0,11.0
10,PRESIDENT AND VICE PRESIDENT OF THE UNITED STATES       ,IND,Jill Stein                            ,1.0,1.0,0.0,0.0,1.0,1.0,1.0,3.0,0.0,5.0,0.0,0.0,4.0,1.0,4.0,0.0,0.0,3.0,10.0,0.0,0.0,2.0,2.0,1.0,8.0,3.0,3.0,0.0,7.0,2.0,1.0,1.0,0.0,3.0,0.0,3.0,0.0,0.0,1.0,1.0,3.0,4.0,3.0,0.0,1.0,3.0,2.0,1.0,5.0
11,PRESIDENT AND VICE PRESIDENT OF THE UNITED STATES       ,NON,Write-In                              ,0.0,0.0,2.0,9.0,0.0,7.0,8.0,3.0,0.0,12.0,0.0,2.0,10.0,0.0,7.0,1.0,4.0,17.0,15.0,0.0,0.0,2.0,1.0,2.0,5.0,9.0,2.0,0.0,3.0,4.0,2.0,7.0,1.0,0.0,1.0,4.0,0.0,0.0,0.0,2.0,2.0,3.0,1.0,2.0,0.0,1.0,7.0,0.0,1.0
12,PRESIDENT AND VICE PRESIDENT OF THE UNITED STATES       ,   ,Over Votes                            ,3.0,2.0,0.0,0.0,0.0,6.0,4.0,1.0,0.0,6.0,0.0,1.0,2.0,1.0,3.0,1.0,2.0,2.0,0.0,0.0,0.0,0.0,1.0,0.0,0.0,4.0,3.0,0.0,3.0,5.0,0.0,2.0,0.0,0.0,1.0,0.0,0.0,0.0,0.0,0.0,1.0,1.0,0.0,0.0,4.0,0.0,8.0,0.0,2.0
13,PRESIDENT AND VICE PRESIDENT OF THE UNITED STATES       ,   ,Under Votes                           ,3.0,0.0,1.0,1.0,0.0,8.0,6.0,12.0,2.0,4.0,3.0,2.0,4.0,3.0,3.0,2.0,1.0,7.0,14.0,1.0,0.0,0.0,1.0,1.0,1.0,7.0,4.0,2.0,1.0,1.0,1.0,0.0,1.0,0.0,2.0,1.0,0.0,0.0,0.0,5.0,1.0,2.0,2.0,0.0,0.0,2.0,4.0,4.0,2.0
14,UNITED STATES SENATOR                                   ,DEM,Ron Crumpton                          ,121.0,40.0,33.0,83.0,57.0,194.0,124.0,215.0,29.0,306.0,24.0,37.0,178.0,54.0,263.0,20.0,115.0,286.0,366.0,30.0,10.0,51.0,56.0,35.0,445.0,181.0,105.0,33.0,90.0,187.0,55.0,272.0,72.0,19.0,40.0,99.0,13.0,0.0,29.0,72.0,155.0,64.0,45.0,31.0,35.0,144.0,173.0,74.0,398.0
15,UNITED STATES SENATOR                                   ,REP,Richard C. Shelby                     ,366.0,197.0,223.0,231.0,274.0,1451.0,796.0,711.0,203.0,1109.0,109.0,273.0,983.0,259.0,908.0,188.0,641.0,1838.0,1839.0,145.0,68.0,282.0,275.0,187.0,741.0,803.0,421.0,224.0,553.0,608.0,361.0,859.0,468.0,110.0,193.0,536.0,57.0,0.0,163.0,348.0,368.0,478.0,165.0,186.0,220.0,338.0,919.0,370.0,374.0
16,UNITED STATES SENATOR                                   ,NON,Write-In                              ,0.0,1.0,0.0,3.0,0.0,2.0,0.0,4.0,0.0,2.0,0.0,0.0,7.0,0.0,1.0,0.0,1.0,6.0,3.0,0.0,0.0,1.0,1.0,0.0,1.0,0.0,1.0,0.0,0.0,3.0,0.0,2.0,1.0,0.0,1.0,1.0,0.0,0.0,0.0,1.0,0.0,0.0,0.0,0.0,1.0,1.0,0.0,1.0,3.0
17,UNITED STATES SENATOR                                   ,   ,Over Votes                            ,0.0,0.0,0.0,0.0,0.0,2.0,0.0,0.0,0.0,2.0,0.0,0.0,0.0,0.0,1.0,0.0,0.0,0.0,0.0,0.0,0.0,0.0,0.0,0.0,0.0,3.0,0.0,0.0,0.0,0.0,1.0,0.0,0.0,0.0,0.0,0.0,0.0,0.0,0.0,0.0,1.0,0.0,0.0,1.0,0.0,0.0,0.0,0.0,0.0
18,UNITED STATES SENATOR                                   ,   ,Under Votes                           ,9.0,5.0,11.0,6.0,6.0,24.0,17.0,26.0,2.0,24.0,3.0,13.0,31.0,10.0,21.0,3.0,14.0,36.0,44.0,4.0,2.0,11.0,9.0,3.0,26.0,21.0,14.0,10.0,14.0,17.0,7.0,14.0,24.0,4.0,9.0,22.0,0.0,0.0,7.0,8.0,14.0,9.0,5.0,3.0,4.0,10.0,18.0,8.0,21.0
19,"UNITED STATES REPRESENTATIVE, 4TH CONGRESSIONAL DISTRICT",REP,Robert Aderholt                       ,382.0,211.0,234.0,267.0,283.0,1511.0,828.0,784.0,208.0,1180.0,109.0,285.0,1045.0,264.0,963.0,190.0,665.0,1907.0,1927.0,154.0,68.0,305.0,288.0,201.0,805.0,831.0,445.0,238.0,576.0,670.0,368.0,936.0,490.0,112.0,203.0,562.0,61.0,0.0,173.0,368.0,403.0,495.0,184.0,191.0,233.0,352.0,985.0,388.0,442.0
20,"UNITED STATES REPRESENTATIVE, 4TH CONGRESSIONAL DISTRICT",NON,Write-In                              ,3.0,2.0,2.0,7.0,1.0,18.0,8.0,16.0,1.0,19.0,4.0,2.0,17.0,4.0,16.0,3.0,14.0,22.0,27.0,0.0,0.0,4.0,5.0,3.0,25.0,16.0,4.0,0.0,13.0,10.0,2.0,11.0,2.0,3.0,1.0,10.0,0.0,0.0,1.0,6.0,11.0,9.0,1.0,2.0,1.0,6.0,19.0,5.0,20.0
21,"UNITED STATES REPRESENTATIVE, 4TH CONGRESSIONAL DISTRICT",   ,Over Votes                            ,0.0,0.0,0.0,0.0,0.0,1.0,0.0,0.0,0.0,0.0,0.0,0.0,0.0,0.0,0.0,0.0,0.0,0.0,0.0,0.0,0.0,0.0,0.0,0.0,0.0,0.0,0.0,0.0,1.0,0.0,0.0,0.0,0.0,0.0,0.0,0.0,0.0,0.0,0.0,0.0,0.0,0.0,0.0,0.0,0.0,0.0,0.0,0.0,0.0
22,"UNITED STATES REPRESENTATIVE, 4TH CONGRESSIONAL DISTRICT",   ,Under Votes                           ,110.0,30.0,31.0,49.0,53.0,143.0,101.0,156.0,25.0,244.0,23.0,36.0,137.0,55.0,215.0,18.0,92.0,237.0,298.0,25.0,12.0,36.0,48.0,21.0,383.0,161.0,92.0,29.0,67.0,135.0,54.0,198.0,73.0,18.0,39.0,86.0,0.0,0.0,25.0,55.0,124.0,47.0,30.0,28.0,26.0,135.0,106.0,60.0,334.0
23,"ASSOCIATE JUSTICE OF THE SUPREME COURT, PLACE 1         ",REP,"Michael F. ""Mike"" Bolin               ",365.0,200.0,218.0,252.0,263.0,1469.0,798.0,733.0,205.0,1126.0,108.0,262.0,998.0,259.0,931.0,177.0,646.0,1839.0,1824.0,134.0,67.0,286.0,274.0,194.0,769.0,785.0,411.0,218.0,553.0,630.0,346.0,899.0,456.0,108.0,186.0,522.0,61.0,0.0,163.0,346.0,383.0,477.0,173.0,173.0,224.0,347.0,942.0,366.0,417.0
24,"ASSOCIATE JUSTICE OF THE SUPREME COURT, PLACE 1         ",NON,Write-In                              ,3.0,1.0,1.0,5.0,1.0,12.0,6.0,15.0,2.0,15.0,1.0,1.0,9.0,1.0,13.0,4.0,8.0,11.0,21.0,3.0,0.0,5.0,4.0,1.0,21.0,8.0,1.0,0.0,8.0,8.0,4.0,10.0,1.0,2.0,2.0,8.0,0.0,0.0,1.0,7.0,10.0,3.0,3.0,1.0,1.0,7.0,15.0,3.0,13.0
25,"ASSOCIATE JUSTICE OF THE SUPREME COURT, PLACE 1         ",   ,Over Votes                            ,1.0,0.0,0.0,0.0,0.0,0.0,0.0,0.0,0.0,3.0,0.0,0.0,0.0,0.0,0.0,0.0,1.0,0.0,2.0,0.0,0.0,0.0,0.0,0.0,0.0,0.0,0.0,0.0,0.0,1.0,0.0,0.0,0.0,0.0,0.0,0.0,0.0,0.0,0.0,0.0,0.0,0.0,0.0,0.0,0.0,0.0,0.0,1.0,0.0
26,"ASSOCIATE JUSTICE OF THE SUPREME COURT, PLACE 1         ",   ,Under Votes                           ,125.0,42.0,48.0,66.0,73.0,192.0,133.0,208.0,27.0,299.0,27.0,60.0,192.0,63.0,250.0,30.0,116.0,316.0,405.0,42.0,13.0,54.0,63.0,30.0,423.0,215.0,129.0,49.0,96.0,176.0,74.0,235.0,108.0,23.0,55.0,128.0,0.0,0.0,35.0,76.0,145.0,71.0,39.0,47.0,35.0,139.0,153.0,83.0,366.0
27,"ASSOCIATE JUSTICE OF THE SUPREME COURT, PLACE 2         ",REP,Kelli Wise                            ,357.0,200.0,215.0,248.0,264.0,1458.0,792.0,729.0,205.0,1120.0,108.0,259.0,992.0,259.0,924.0,177.0,639.0,1819.0,1817.0,133.0,66.0,283.0,274.0,187.0,764.0,779.0,404.0,215.0,548.0,617.0,346.0,897.0,449.0,108.0,185.0,520.0,62.0,0.0,163.0,351.0,383.0,476.0,173.0,173.0,228.0,348.0,939.0,364.0,415.0
28,"ASSOCIATE JUSTICE OF THE SUPREME COURT, PLACE 2         ",NON,Write-In                              ,3.0,1.0,2.0,5.0,1.0,15.0,7.0,14.0,0.0,16.0,1.0,2.0,9.0,0.0,15.0,4.0,7.0,8.0,17.0,4.0,0.0,6.0,5.0,1.0,15.0,9.0,0.0,1.0,8.0,10.0,2.0,10.0,1.0,1.0,1.0,8.0,0.0,0.0,1.0,5.0,8.0,2.0,1.0,1.0,1.0,5.0,8.0,4.0,13.0
29,"ASSOCIATE JUSTICE OF THE SUPREME COURT, PLACE 2         ",   ,Over Votes                            ,0.0,0.0,0.0,0.0,0.0,0.0,0.0,2.0,0.0,0.0,0.0,0.0,0.0,0.0,0.0,0.0,0.0,1.0,1.0,0.0,0.0,0.0,0.0,0.0,0.0,0.0,0.0,0.0,1.0,0.0,0.0,0.0,0.0,0.0,0.0,0.0,0.0,0.0,0.0,0.0,0.0,0.0,0.0,0.0,0.0,0.0,1.0,0.0,0.0
30,"ASSOCIATE JUSTICE OF THE SUPREME COURT, PLACE 2         ",   ,Under Votes                           ,134.0,42.0,50.0,70.0,72.0,200.0,138.0,211.0,29.0,307.0,27.0,62.0,198.0,64.0,255.0,30.0,125.0,338.0,417.0,42.0,14.0,56.0,62.0,37.0,434.0,220.0,137.0,51.0,100.0,188.0,76.0,237.0,115.0,24.0,57.0,130.0,0.0,0.0,35.0,73.0,147.0,73.0,41.0,47.0,31.0,140.0,162.0,85.0,368.0
31,"ASSOCIATE JUSTICE OF THE SUPREME COURT, PLACE 3         ",REP,Tom Parker                            ,358.0,200.0,216.0,250.0,260.0,1451.0,796.0,728.0,207.0,1127.0,108.0,259.0,986.0,256.0,927.0,175.0,637.0,1827.0,1808.0,136.0,66.0,282.0,271.0,185.0,757.0,774.0,406.0,216.0,550.0,615.0,346.0,895.0,450.0,108.0,183.0,524.0,62.0,0.0,163.0,347.0,376.0,474.0,171.0,173.0,224.0,346.0,945.0,364.0,408.0
32,"ASSOCIATE JUSTICE OF THE SUPREME COURT, PLACE 3         ",NON,Write-In                              ,3.0,1.0,1.0,7.0,1.0,18.0,6.0,17.0,0.0,17.0,1.0,1.0,9.0,1.0,14.0,4.0,7.0,9.0,20.0,4.0,0.0,6.0,5.0,2.0,21.0,10.0,1.0,1.0,8.0,10.0,1.0,9.0,1.0,1.0,3.0,7.0,0.0,0.0,1.0,5.0,9.0,3.0,1.0,1.0,1.0,5.0,8.0,4.0,14.0
33,"ASSOCIATE JUSTICE OF THE SUPREME COURT, PLACE 3         ",   ,Over Votes                            ,0.0,0.0,0.0,0.0,0.0,0.0,0.0,0.0,0.0,1.0,0.0,0.0,0.0,0.0,0.0,0.0,1.0,0.0,2.0,0.0,0.0,0.0,0.0,0.0,0.0,0.0,0.0,0.0,0.0,0.0,1.0,0.0,0.0,0.0,0.0,0.0,0.0,0.0,0.0,0.0,0.0,0.0,0.0,0.0,0.0,0.0,0.0,0.0,0.0
34,"ASSOCIATE JUSTICE OF THE SUPREME COURT, PLACE 3         ",   ,Under Votes                           ,133.0,42.0,50.0,66.0,76.0,204.0,135.0,211.0,27.0,298.0,27.0,63.0,204.0,66.0,253.0,32.0,126.0,330.0,422.0,39.0,14.0,57.0,65.0,38.0,435.0,224.0,134.0,50.0,99.0,190.0,76.0,240.0,114.0,24.0,57.0,127.0,0.0,0.0,35.0,77.0,153.0,74.0,43.0,47.0,35.0,142.0,157.0,85.0,374.0
35,"PRESIDENT, PUBLIC SERVICE COMMISSION                    ",REP,Twinkle Andress Cavanaugh             ,361.0,194.0,217.0,252.0,263.0,1459.0,792.0,735.0,201.0,1131.0,103.0,268.0,995.0,262.0,941.0,180.0,641.0,1829.0,1833.0,141.0,67.0,286.0,276.0,193.0,773.0,782.0,414.0,221.0,560.0,628.0,348.0,915.0,462.0,112.0,186.0,522.0,62.0,0.0,163.0,352.0,381.0,470.0,167.0,174.0,226.0,345.0,943.0,376.0,421.0
36,"PRESIDENT, PUBLIC SERVICE COMMISSION                    ",NON,Write-In                              ,3.0,1.0,2.0,5.0,1.0,17.0,7.0,17.0,2.0,27.0,5.0,0.0,10.0,2.0,16.0,3.0,10.0,19.0,24.0,1.0,0.0,3.0,7.0,4.0,19.0,13.0,2.0,1.0,7.0,9.0,1.0,12.0,4.0,1.0,2.0,8.0,0.0,0.0,0.0,6.0,10.0,3.0,2.0,2.0,1.0,7.0,14.0,2.0,15.0
37,"PRESIDENT, PUBLIC SERVICE COMMISSION                    ",   ,Over Votes                            ,0.0,0.0,0.0,0.0,0.0,0.0,0.0,0.0,0.0,0.0,0.0,0.0,1.0,0.0,0.0,0.0,0.0,0.0,0.0,0.0,0.0,0.0,0.0,0.0,0.0,0.0,0.0,0.0,1.0,1.0,1.0,0.0,0.0,0.0,0.0,0.0,0.0,0.0,0.0,0.0,0.0,0.0,0.0,0.0,0.0,0.0,0.0,0.0,0.0
38,"PRESIDENT, PUBLIC SERVICE COMMISSION                    ",   ,Under Votes                           ,130.0,48.0,48.0,66.0,73.0,197.0,138.0,204.0,31.0,285.0,28.0,55.0,193.0,59.0,237.0,28.0,120.0,318.0,395.0,37.0,13.0,56.0,58.0,28.0,421.0,213.0,125.0,45.0,89.0,177.0,74.0,217.0,99.0,20.0,55.0,128.0,0.0,0.0,36.0,71.0,147.0,78.0,46.0,45.0,33.0,141.0,153.0,75.0,360.0
39,STATE BOARD OF EDUCATION MEMBER DISTRICT 7              ,REP,Jeff Newman                           ,352.0,198.0,211.0,249.0,260.0,1447.0,783.0,721.0,200.0,1112.0,106.0,259.0,988.0,252.0,924.0,176.0,632.0,1813.0,1806.0,135.0,66.0,279.0,271.0,189.0,757.0,778.0,400.0,213.0,540.0,619.0,345.0,896.0,444.0,108.0,181.0,511.0,62.0,0.0,160.0,350.0,374.0,463.0,168.0,172.0,226.0,345.0,935.0,363.0,418.0
40,STATE BOARD OF EDUCATION MEMBER DISTRICT 7              ,NON,Write-In                              ,3.0,1.0,1.0,6.0,1.0,11.0,5.0,15.0,0.0,14.0,1.0,0.0,7.0,0.0,13.0,3.0,11.0,10.0,16.0,3.0,0.0,6.0,5.0,1.0,18.0,8.0,1.0,0.0,9.0,8.0,1.0,9.0,2.0,1.0,4.0,6.0,0.0,0.0,0.0,5.0,9.0,7.0,1.0,2.0,1.0,5.0,8.0,3.0,13.0
41,STATE BOARD OF EDUCATION MEMBER DISTRICT 7              ,   ,Over Votes                            ,0.0,0.0,0.0,0.0,0.0,0.0,0.0,0.0,0.0,3.0,0.0,0.0,0.0,0.0,0.0,0.0,0.0,0.0,1.0,0.0,0.0,0.0,0.0,0.0,0.0,0.0,0.0,0.0,0.0,0.0,0.0,0.0,0.0,0.0,0.0,0.0,0.0,0.0,0.0,0.0,0.0,0.0,0.0,0.0,0.0,0.0,0.0,0.0,0.0
42,STATE BOARD OF EDUCATION MEMBER DISTRICT 7              ,   ,Under Votes                           ,139.0,44.0,55.0,68.0,76.0,215.0,149.0,220.0,34.0,314.0,29.0,64.0,204.0,71.0,257.0,32.0,128.0,343.0,429.0,41.0,14.0,60.0,65.0,35.0,438.0,222.0,140.0,54.0,108.0,188.0,78.0,239.0,119.0,24.0,58.0,141.0,0.0,0.0,39.0,74.0,155.0,81.0,46.0,47.0,33.0,143.0,167.0,87.0,365.0
43,"CIRCUIT COURT JUDGE, 14TH JUDICIAL CIRCUIT, PLACE 1     ",REP,Jerry K. Selman                       ,367.0,204.0,219.0,251.0,264.0,1464.0,806.0,736.0,204.0,1141.0,103.0,268.0,992.0,252.0,920.0,181.0,645.0,1856.0,1849.0,142.0,64.0,285.0,279.0,193.0,793.0,814.0,413.0,220.0,561.0,628.0,347.0,909.0,462.0,108.0,182.0,522.0,61.0,0.0,158.0,352.0,385.0,478.0,167.0,182.0,232.0,342.0,946.0,374.0,422.0
44,"CIRCUIT COURT JUDGE, 14TH JUDICIAL CIRCUIT, PLACE 1     ",NON,Write-In                              ,1.0,1.0,1.0,7.0,2.0,14.0,7.0,16.0,0.0,15.0,1.0,3.0,22.0,4.0,15.0,2.0,12.0,16.0,22.0,1.0,0.0,7.0,5.0,2.0,20.0,8.0,6.0,2.0,6.0,7.0,3.0,8.0,2.0,1.0,6.0,8.0,0.0,0.0,1.0,9.0,10.0,5.0,1.0,1.0,1.0,6.0,15.0,5.0,14.0
45,"CIRCUIT COURT JUDGE, 14TH JUDICIAL CIRCUIT, PLACE 1     ",   ,Over Votes                            ,0.0,0.0,0.0,0.0,0.0,0.0,0.0,0.0,0.0,0.0,0.0,0.0,0.0,0.0,0.0,0.0,0.0,0.0,0.0,0.0,0.0,1.0,0.0,0.0,0.0,0.0,0.0,0.0,0.0,0.0,0.0,1.0,0.0,0.0,0.0,0.0,0.0,0.0,0.0,0.0,0.0,0.0,0.0,0.0,0.0,0.0,1.0,0.0,0.0
46,"CIRCUIT COURT JUDGE, 14TH JUDICIAL CIRCUIT, PLACE 1     ",   ,Under Votes                           ,126.0,38.0,47.0,65.0,71.0,195.0,124.0,204.0,30.0,287.0,32.0,52.0,185.0,67.0,259.0,28.0,114.0,294.0,381.0,36.0,16.0,52.0,57.0,30.0,400.0,186.0,122.0,45.0,90.0,180.0,74.0,226.0,101.0,24.0,55.0,128.0,0.0,0.0,40.0,68.0,143.0,68.0,47.0,38.0,27.0,145.0,148.0,74.0,360.0
47,"DISTRICT ATTORNEY, 14TH JUDICIAL CIRCUIT                ",REP,Bill Adair Jr.                        ,369.0,208.0,219.0,259.0,265.0,1465.0,807.0,752.0,205.0,1152.0,110.0,270.0,998.0,260.0,932.0,181.0,641.0,1869.0,1893.0,142.0,67.0,285.0,283.0,199.0,800.0,807.0,423.0,223.0,558.0,626.0,352.0,909.0,464.0,107.0,181.0,541.0,61.0,0.0,160.0,354.0,391.0,478.0,168.0,181.0,228.0,344.0,953.0,372.0,426.0
48,"DISTRICT ATTORNEY, 14TH JUDICIAL CIRCUIT                ",NON,Write-In                              ,3.0,1.0,3.0,6.0,2.0,15.0,6.0,18.0,2.0,19.0,1.0,3.0,12.0,2.0,13.0,4.0,11.0,25.0,17.0,3.0,0.0,7.0,4.0,1.0,22.0,15.0,1.0,2.0,8.0,11.0,4.0,16.0,2.0,1.0,2.0,7.0,0.0,0.0,1.0,9.0,8.0,4.0,2.0,2.0,2.0,5.0,14.0,4.0,16.0
49,"DISTRICT ATTORNEY, 14TH JUDICIAL CIRCUIT                ",   ,Over Votes                            ,0.0,0.0,0.0,0.0,0.0,0.0,0.0,0.0,0.0,1.0,0.0,0.0,0.0,0.0,0.0,0.0,0.0,0.0,0.0,0.0,0.0,0.0,0.0,0.0,0.0,0.0,1.0,0.0,0.0,0.0,0.0,0.0,0.0,0.0,0.0,0.0,0.0,0.0,0.0,0.0,0.0,0.0,0.0,0.0,0.0,0.0,0.0,0.0,0.0
50,"DISTRICT ATTORNEY, 14TH JUDICIAL CIRCUIT                ",   ,Under Votes                           ,122.0,34.0,45.0,58.0,70.0,193.0,124.0,186.0,27.0,271.0,25.0,50.0,189.0,61.0,249.0,26.0,119.0,272.0,342.0,34.0,13.0,53.0,54.0,25.0,391.0,186.0,116.0,42.0,91.0,178.0,68.0,219.0,99.0,25.0,60.0,110.0,0.0,0.0,38.0,66.0,139.0,69.0,45.0,38.0,30.0,144.0,143.0,77.0,354.0
51,PROPOSED STATEWIDE AMENDMENT NUMBER ONE (1)             ,NON,Yes-Statewide Amendment               ,239.0,124.0,138.0,138.0,170.0,841.0,489.0,505.0,119.0,778.0,57.0,149.0,626.0,147.0,552.0,92.0,396.0,1112.0,1194.0,73.0,36.0,177.0,164.0,122.0,715.0,552.0,274.0,106.0,317.0,393.0,210.0,627.0,238.0,65.0,103.0,308.0,38.0,0.0,81.0,213.0,272.0,273.0,107.0,104.0,139.0,271.0,574.0,238.0,465.0
52,PROPOSED STATEWIDE AMENDMENT NUMBER ONE (1)             ,NON,No-Statewide Amendment                ,75.0,58.0,77.0,87.0,78.0,459.0,224.0,213.0,66.0,352.0,42.0,63.0,321.0,76.0,326.0,46.0,207.0,504.0,542.0,46.0,27.0,76.0,91.0,54.0,244.0,206.0,120.0,70.0,170.0,223.0,120.0,275.0,145.0,26.0,66.0,192.0,15.0,0.0,59.0,103.0,129.0,139.0,57.0,57.0,65.0,93.0,277.0,125.0,142.0
53,PROPOSED STATEWIDE AMENDMENT NUMBER ONE (1)             ,   ,Over Votes                            ,1.0,0.0,0.0,1.0,0.0,1.0,0.0,0.0,0.0,1.0,0.0,0.0,0.0,0.0,0.0,0.0,1.0,0.0,2.0,0.0,0.0,0.0,0.0,0.0,0.0,2.0,0.0,0.0,0.0,1.0,0.0,0.0,0.0,0.0,0.0,0.0,0.0,0.0,0.0,0.0,0.0,0.0,0.0,0.0,0.0,0.0,1.0,0.0,0.0
54,PROPOSED STATEWIDE AMENDMENT NUMBER ONE (1)             ,   ,Under Votes                           ,170.0,61.0,52.0,97.0,89.0,372.0,224.0,238.0,49.0,312.0,37.0,111.0,252.0,100.0,316.0,73.0,167.0,550.0,514.0,60.0,17.0,92.0,86.0,49.0,254.0,248.0,147.0,91.0,170.0,198.0,94.0,237.0,182.0,42.0,74.0,158.0,0.0,0.0,59.0,113.0,137.0,139.0,51.0,60.0,56.0,129.0,258.0,90.0,189.0
55,PROPOSED STATEWIDE AMENDMENT NUMBER TWO (2)             ,NON,Yes-Statewide Amendment               ,264.0,142.0,173.0,173.0,199.0,1125.0,621.0,573.0,143.0,956.0,76.0,192.0,815.0,192.0,741.0,129.0,540.0,1450.0,1501.0,103.0,57.0,213.0,217.0,155.0,798.0,643.0,319.0,153.0,432.0,496.0,290.0,764.0,334.0,77.0,131.0,389.0,41.0,0.0,117.0,284.0,346.0,350.0,137.0,165.0,180.0,308.0,716.0,309.0,512.0
56,PROPOSED STATEWIDE AMENDMENT NUMBER TWO (2)             ,NON,No-Statewide Amendment                ,81.0,52.0,67.0,82.0,81.0,322.0,167.0,217.0,60.0,296.0,42.0,77.0,228.0,63.0,234.0,38.0,139.0,414.0,427.0,33.0,19.0,75.0,72.0,39.0,247.0,208.0,104.0,59.0,123.0,184.0,85.0,227.0,109.0,32.0,66.0,161.0,16.0,0.0,42.0,80.0,98.0,114.0,52.0,31.0,52.0,92.0,241.0,100.0,141.0
57,PROPOSED STATEWIDE AMENDMENT NUMBER TWO (2)             ,   ,Over Votes                            ,0.0,0.0,0.0,0.0,0.0,3.0,0.0,1.0,0.0,1.0,0.0,0.0,3.0,2.0,1.0,0.0,0.0,1.0,2.0,0.0,0.0,0.0,0.0,0.0,0.0,1.0,0.0,0.0,0.0,0.0,0.0,1.0,0.0,0.0,0.0,0.0,0.0,0.0,0.0,0.0,1.0,1.0,0.0,0.0,0.0,0.0,0.0,0.0,0.0
58,PROPOSED STATEWIDE AMENDMENT NUMBER TWO (2)             ,   ,Under Votes                           ,140.0,49.0,27.0,68.0,57.0,223.0,149.0,165.0,31.0,190.0,18.0,54.0,153.0,66.0,218.0,44.0,92.0,301.0,322.0,43.0,4.0,57.0,52.0,31.0,168.0,156.0,118.0,55.0,102.0,135.0,49.0,147.0,122.0,24.0,46.0,108.0,0.0,0.0,40.0,65.0,93.0,86.0,26.0,25.0,28.0,93.0,153.0,44.0,143.0
59,PROPOSED STATEWIDE AMENDMENT NUMBER THREE (3)           ,NON,Yes-Statewide Amendment               ,189.0,88.0,97.0,104.0,133.0,736.0,349.0,381.0,105.0,543.0,39.0,109.0,519.0,109.0,491.0,78.0,321.0,906.0,990.0,52.0,32.0,142.0,130.0,79.0,487.0,425.0,187.0,74.0,230.0,301.0,173.0,448.0,186.0,55.0,83.0,213.0,28.0,0.0,82.0,156.0,193.0,214.0,82.0,76.0,109.0,196.0,471.0,188.0,307.0
60,PROPOSED STATEWIDE AMENDMENT NUMBER THREE (3)           ,NON,No-Statewide Amendment                ,111.0,83.0,102.0,113.0,115.0,546.0,325.0,318.0,79.0,548.0,61.0,99.0,383.0,104.0,345.0,53.0,282.0,694.0,684.0,57.0,30.0,97.0,121.0,97.0,448.0,297.0,178.0,101.0,246.0,297.0,152.0,413.0,194.0,41.0,87.0,255.0,21.0,0.0,54.0,153.0,185.0,185.0,66.0,79.0,87.0,154.0,360.0,171.0,274.0
61,PROPOSED STATEWIDE AMENDMENT NUMBER THREE (3)           ,   ,Over Votes                            ,0.0,0.0,0.0,0.0,0.0,1.0,0.0,0.0,0.0,1.0,0.0,1.0,0.0,0.0,0.0,0.0,0.0,0.0,0.0,0.0,0.0,0.0,0.0,0.0,0.0,4.0,0.0,0.0,0.0,1.0,0.0,2.0,0.0,0.0,0.0,0.0,0.0,0.0,0.0,0.0,0.0,0.0,0.0,0.0,0.0,0.0,0.0,0.0,0.0
62,PROPOSED STATEWIDE AMENDMENT NUMBER THREE (3)           ,   ,Under Votes                           ,185.0,72.0,68.0,106.0,89.0,390.0,263.0,257.0,50.0,351.0,36.0,114.0,297.0,110.0,358.0,80.0,168.0,566.0,578.0,70.0,18.0,106.0,90.0,49.0,278.0,282.0,176.0,92.0,181.0,216.0,99.0,276.0,185.0,37.0,73.0,190.0,0.0,0.0,63.0,120.0,160.0,152.0,67.0,66.0,64.0,143.0,279.0,94.0,215.0
63,PROPOSED STATEWIDE AMENDMENT NUMBER FOUR (4)            ,NON,Yes-Statewide Amendment               ,236.0,116.0,128.0,140.0,162.0,899.0,455.0,475.0,124.0,715.0,49.0,146.0,643.0,141.0,581.0,96.0,398.0,1138.0,1183.0,70.0,30.0,171.0,160.0,112.0,707.0,523.0,248.0,105.0,329.0,336.0,215.0,563.0,222.0,62.0,96.0,307.0,39.0,0.0,93.0,207.0,263.0,283.0,104.0,99.0,138.0,247.0,566.0,228.0,429.0
64,PROPOSED STATEWIDE AMENDMENT NUMBER FOUR (4)            ,NON,No-Statewide Amendment                ,75.0,66.0,74.0,80.0,97.0,423.0,260.0,240.0,60.0,424.0,61.0,84.0,299.0,80.0,302.0,45.0,227.0,532.0,551.0,40.0,36.0,86.0,103.0,70.0,264.0,236.0,135.0,85.0,167.0,270.0,125.0,323.0,168.0,36.0,79.0,187.0,15.0,0.0,50.0,121.0,138.0,134.0,59.0,67.0,67.0,99.0,285.0,138.0,164.0
65,PROPOSED STATEWIDE AMENDMENT NUMBER FOUR (4)            ,   ,Over Votes                            ,0.0,0.0,0.0,0.0,0.0,0.0,0.0,0.0,0.0,3.0,0.0,0.0,0.0,0.0,0.0,0.0,0.0,1.0,1.0,0.0,0.0,2.0,0.0,0.0,0.0,0.0,1.0,0.0,0.0,2.0,0.0,0.0,0.0,0.0,0.0,0.0,0.0,0.0,0.0,0.0,0.0,0.0,0.0,1.0,0.0,0.0,0.0,0.0,0.0
66,PROPOSED STATEWIDE AMENDMENT NUMBER FOUR (4)            ,   ,Under Votes                           ,174.0,61.0,65.0,103.0,78.0,351.0,222.0,241.0,50.0,301.0,26.0,93.0,257.0,102.0,311.0,70.0,146.0,495.0,517.0,69.0,14.0,86.0,78.0,43.0,242.0,249.0,157.0,77.0,161.0,207.0,84.0,253.0,175.0,35.0,68.0,164.0,0.0,0.0,56.0,101.0,137.0,134.0,52.0,54.0,55.0,147.0,259.0,87.0,203.0
67,PROPOSED STATEWIDE AMENDMENT NUMBER FIVE (5)            ,NON,Yes-Statewide Amendment               ,157.0,92.0,109.0,108.0,134.0,753.0,377.0,362.0,94.0,568.0,43.0,107.0,514.0,105.0,435.0,72.0,300.0,914.0,1001.0,53.0,29.0,135.0,130.0,82.0,463.0,450.0,177.0,86.0,254.0,268.0,171.0,435.0,199.0,49.0,77.0,217.0,20.0,0.0,66.0,166.0,169.0,191.0,80.0,84.0,95.0,169.0,417.0,180.0,287.0
68,PROPOSED STATEWIDE AMENDMENT NUMBER FIVE (5)            ,NON,No-Statewide Amendment                ,139.0,85.0,93.0,104.0,114.0,541.0,302.0,344.0,93.0,515.0,60.0,104.0,388.0,113.0,411.0,56.0,304.0,683.0,673.0,48.0,36.0,105.0,130.0,95.0,492.0,288.0,184.0,98.0,227.0,321.0,161.0,427.0,165.0,43.0,91.0,265.0,28.0,0.0,66.0,154.0,209.0,210.0,69.0,68.0,102.0,188.0,406.0,171.0,299.0
69,PROPOSED STATEWIDE AMENDMENT NUMBER FIVE (5)            ,   ,Over Votes                            ,0.0,0.0,0.0,0.0,0.0,1.0,0.0,1.0,0.0,0.0,0.0,0.0,0.0,0.0,0.0,0.0,0.0,1.0,1.0,0.0,0.0,0.0,0.0,0.0,1.0,0.0,0.0,0.0,0.0,1.0,0.0,0.0,0.0,0.0,0.0,0.0,0.0,0.0,0.0,0.0,0.0,0.0,0.0,0.0,1.0,0.0,0.0,0.0,1.0
70,PROPOSED STATEWIDE AMENDMENT NUMBER FIVE (5)            ,   ,Under Votes                           ,189.0,66.0,65.0,111.0,89.0,378.0,258.0,249.0,47.0,360.0,33.0,112.0,297.0,105.0,348.0,83.0,167.0,568.0,577.0,78.0,15.0,105.0,81.0,48.0,257.0,270.0,180.0,83.0,176.0,225.0,92.0,277.0,201.0,41.0,75.0,176.0,0.0,0.0,67.0,109.0,160.0,150.0,66.0,69.0,62.0,136.0,287.0,102.0,209.0
71,PROPOSED STATEWIDE AMENDMENT NUMBER SIX (6)             ,NON,Yes-Statewide Amendment               ,107.0,66.0,90.0,96.0,136.0,709.0,338.0,324.0,81.0,515.0,44.0,94.0,457.0,103.0,359.0,61.0,313.0,818.0,861.0,48.0,25.0,121.0,110.0,74.0,405.0,361.0,157.0,82.0,233.0,250.0,140.0,390.0,157.0,48.0,66.0,183.0,23.0,0.0,55.0,149.0,173.0,191.0,70.0,70.0,83.0,148.0,403.0,180.0,228.0
72,PROPOSED STATEWIDE AMENDMENT NUMBER SIX (6)             ,NON,No-Statewide Amendment                ,170.0,103.0,109.0,109.0,102.0,543.0,306.0,350.0,98.0,531.0,55.0,102.0,415.0,107.0,450.0,57.0,265.0,712.0,718.0,47.0,38.0,111.0,135.0,96.0,512.0,338.0,193.0,95.0,240.0,325.0,184.0,427.0,187.0,40.0,96.0,270.0,24.0,0.0,73.0,148.0,197.0,205.0,79.0,75.0,107.0,187.0,401.0,163.0,340.0
73,PROPOSED STATEWIDE AMENDMENT NUMBER SIX (6)             ,   ,Over Votes                            ,0.0,0.0,0.0,0.0,0.0,1.0,0.0,1.0,0.0,0.0,0.0,0.0,0.0,0.0,0.0,0.0,1.0,1.0,1.0,0.0,0.0,0.0,0.0,0.0,0.0,0.0,0.0,0.0,0.0,0.0,0.0,0.0,0.0,0.0,0.0,0.0,0.0,0.0,0.0,0.0,0.0,0.0,0.0,0.0,0.0,0.0,0.0,0.0,0.0
74,PROPOSED STATEWIDE AMENDMENT NUMBER SIX (6)             ,   ,Under Votes                           ,208.0,74.0,68.0,118.0,99.0,420.0,293.0,281.0,55.0,397.0,37.0,127.0,327.0,113.0,385.0,93.0,192.0,635.0,672.0,84.0,17.0,113.0,96.0,55.0,296.0,309.0,191.0,90.0,184.0,240.0,100.0,322.0,221.0,45.0,81.0,205.0,0.0,0.0,71.0,132.0,168.0,155.0,66.0,76.0,70.0,158.0,306.0,110.0,228.0
75,PROPOSED STATEWIDE AMENDMENT NUMBER SEVEN (7)           ,NON,Yes-Statewide Amendment               ,143.0,82.0,81.0,89.0,92.0,596.0,283.0,305.0,77.0,472.0,37.0,81.0,410.0,91.0,400.0,47.0,266.0,672.0,761.0,46.0,18.0,118.0,104.0,77.0,337.0,319.0,163.0,59.0,218.0,234.0,122.0,396.0,149.0,38.0,53.0,188.0,22.0,0.0,61.0,135.0,149.0,184.0,62.0,53.0,87.0,173.0,407.0,167.0,233.0
76,PROPOSED STATEWIDE AMENDMENT NUMBER SEVEN (7)           ,NON,No-Statewide Amendment                ,86.0,59.0,67.0,80.0,87.0,395.0,212.0,246.0,48.0,381.0,45.0,64.0,253.0,74.0,278.0,36.0,184.0,471.0,460.0,36.0,32.0,72.0,97.0,58.0,401.0,214.0,125.0,60.0,159.0,255.0,115.0,309.0,109.0,30.0,73.0,179.0,19.0,0.0,48.0,102.0,149.0,124.0,51.0,51.0,63.0,112.0,259.0,105.0,269.0
77,PROPOSED STATEWIDE AMENDMENT NUMBER SEVEN (7)           ,   ,Over Votes                            ,0.0,0.0,0.0,0.0,0.0,1.0,0.0,0.0,0.0,2.0,0.0,0.0,0.0,0.0,0.0,0.0,0.0,0.0,0.0,0.0,0.0,0.0,0.0,0.0,0.0,1.0,0.0,0.0,0.0,0.0,1.0,0.0,0.0,0.0,0.0,1.0,0.0,0.0,0.0,1.0,0.0,0.0,0.0,0.0,0.0,0.0,0.0,0.0,0.0
78,PROPOSED STATEWIDE AMENDMENT NUMBER SEVEN (7)           ,   ,Under Votes                           ,256.0,102.0,119.0,154.0,158.0,681.0,442.0,405.0,109.0,588.0,54.0,178.0,536.0,158.0,516.0,128.0,321.0,1023.0,1031.0,97.0,30.0,155.0,140.0,90.0,475.0,474.0,253.0,148.0,280.0,326.0,186.0,434.0,307.0,65.0,117.0,290.0,0.0,0.0,90.0,191.0,240.0,243.0,102.0,117.0,110.0,208.0,444.0,181.0,294.0
79,PROPOSED STATEWIDE AMENDMENT NUMBER EIGHT (8)           ,NON,Yes-Statewide Amendment               ,224.0,126.0,141.0,157.0,152.0,887.0,499.0,432.0,100.0,764.0,64.0,175.0,680.0,153.0,625.0,110.0,429.0,1214.0,1276.0,74.0,38.0,195.0,191.0,128.0,560.0,546.0,243.0,120.0,351.0,388.0,227.0,575.0,261.0,68.0,105.0,315.0,34.0,0.0,95.0,222.0,245.0,294.0,97.0,99.0,132.0,242.0,604.0,247.0,353.0
80,PROPOSED STATEWIDE AMENDMENT NUMBER EIGHT (8)           ,NON,No-Statewide Amendment                ,94.0,59.0,73.0,67.0,106.0,454.0,224.0,297.0,89.0,399.0,40.0,68.0,280.0,81.0,274.0,42.0,220.0,493.0,500.0,48.0,31.0,72.0,86.0,61.0,428.0,233.0,145.0,73.0,157.0,242.0,121.0,345.0,143.0,31.0,81.0,191.0,18.0,0.0,50.0,109.0,172.0,140.0,67.0,73.0,75.0,125.0,269.0,117.0,263.0
81,PROPOSED STATEWIDE AMENDMENT NUMBER EIGHT (8)           ,   ,Over Votes                            ,0.0,0.0,0.0,0.0,0.0,2.0,0.0,0.0,0.0,2.0,0.0,0.0,0.0,0.0,0.0,0.0,1.0,4.0,1.0,0.0,0.0,0.0,0.0,0.0,0.0,1.0,0.0,0.0,0.0,0.0,0.0,0.0,0.0,3.0,0.0,0.0,0.0,0.0,0.0,0.0,1.0,1.0,0.0,0.0,0.0,0.0,2.0,0.0,0.0
82,PROPOSED STATEWIDE AMENDMENT NUMBER EIGHT (8)           ,   ,Under Votes                           ,167.0,58.0,53.0,99.0,79.0,330.0,214.0,227.0,45.0,278.0,32.0,80.0,239.0,89.0,295.0,59.0,121.0,455.0,475.0,57.0,11.0,78.0,64.0,36.0,225.0,228.0,153.0,74.0,149.0,185.0,76.0,219.0,161.0,31.0,57.0,152.0,0.0,0.0,54.0,98.0,120.0,116.0,51.0,49.0,53.0,126.0,235.0,89.0,180.0
83,PROPOSED STATEWIDE AMENDMENT NUMBER NINE (9)            ,NON,Yes-Statewide Amendment               ,116.0,85.0,65.0,81.0,88.0,463.0,254.0,272.0,50.0,420.0,41.0,80.0,325.0,83.0,337.0,35.0,220.0,558.0,648.0,36.0,15.0,106.0,92.0,73.0,295.0,255.0,135.0,54.0,187.0,202.0,112.0,335.0,130.0,35.0,56.0,156.0,20.0,0.0,45.0,113.0,135.0,167.0,56.0,40.0,74.0,130.0,322.0,143.0,203.0
84,PROPOSED STATEWIDE AMENDMENT NUMBER NINE (9)            ,NON,No-Statewide Amendment                ,117.0,62.0,82.0,94.0,98.0,535.0,248.0,279.0,73.0,434.0,45.0,67.0,321.0,77.0,330.0,47.0,232.0,565.0,569.0,46.0,35.0,91.0,113.0,61.0,439.0,275.0,154.0,68.0,193.0,287.0,128.0,371.0,124.0,34.0,72.0,215.0,20.0,0.0,56.0,122.0,170.0,137.0,58.0,62.0,76.0,154.0,331.0,132.0,296.0
85,PROPOSED STATEWIDE AMENDMENT NUMBER NINE (9)            ,   ,Over Votes                            ,0.0,0.0,0.0,0.0,0.0,0.0,0.0,0.0,0.0,0.0,0.0,0.0,1.0,0.0,0.0,0.0,1.0,4.0,1.0,0.0,0.0,0.0,0.0,0.0,0.0,0.0,0.0,0.0,0.0,0.0,0.0,1.0,0.0,0.0,0.0,0.0,0.0,0.0,0.0,0.0,0.0,0.0,0.0,1.0,0.0,0.0,0.0,0.0,0.0
86,PROPOSED STATEWIDE AMENDMENT NUMBER NINE (9)            ,   ,Under Votes                           ,252.0,96.0,120.0,148.0,151.0,675.0,435.0,405.0,111.0,589.0,50.0,176.0,552.0,163.0,527.0,129.0,318.0,1039.0,1034.0,97.0,30.0,148.0,136.0,91.0,479.0,478.0,252.0,145.0,277.0,326.0,184.0,432.0,311.0,64.0,115.0,287.0,0.0,0.0,98.0,194.0,233.0,247.0,101.0,118.0,110.0,209.0,457.0,178.0,297.0
87,PROPOSED STATEWIDE AMENDMENT NUMBER TEN (10)            ,NON,Yes-Statewide Amendment               ,162.0,93.0,65.0,99.0,94.0,559.0,298.0,330.0,63.0,475.0,40.0,90.0,362.0,92.0,406.0,47.0,293.0,653.0,744.0,47.0,24.0,109.0,109.0,71.0,439.0,318.0,149.0,67.0,201.0,257.0,116.0,408.0,148.0,41.0,58.0,155.0,19.0,0.0,61.0,132.0,171.0,185.0,65.0,55.0,83.0,180.0,339.0,158.0,297.0
88,PROPOSED STATEWIDE AMENDMENT NUMBER TEN (10)            ,NON,No-Statewide Amendment                ,75.0,49.0,81.0,82.0,89.0,412.0,197.0,220.0,56.0,348.0,38.0,59.0,277.0,62.0,266.0,35.0,149.0,457.0,436.0,33.0,21.0,79.0,93.0,61.0,275.0,201.0,139.0,55.0,171.0,223.0,120.0,288.0,107.0,26.0,68.0,210.0,20.0,0.0,46.0,104.0,135.0,115.0,47.0,55.0,71.0,103.0,301.0,107.0,200.0
89,PROPOSED STATEWIDE AMENDMENT NUMBER TEN (10)            ,   ,Over Votes                            ,0.0,0.0,0.0,0.0,0.0,0.0,0.0,0.0,0.0,1.0,0.0,1.0,0.0,0.0,1.0,0.0,1.0,0.0,0.0,0.0,0.0,0.0,0.0,0.0,0.0,1.0,0.0,0.0,1.0,0.0,0.0,0.0,0.0,0.0,0.0,0.0,0.0,0.0,0.0,0.0,0.0,0.0,0.0,0.0,0.0,0.0,1.0,0.0,0.0
90,PROPOSED STATEWIDE AMENDMENT NUMBER TEN (10)            ,   ,Under Votes                           ,248.0,101.0,121.0,142.0,154.0,702.0,442.0,406.0,115.0,619.0,58.0,173.0,560.0,169.0,521.0,129.0,328.0,1056.0,1072.0,99.0,35.0,157.0,139.0,93.0,499.0,488.0,253.0,145.0,284.0,335.0,188.0,443.0,310.0,66.0,117.0,293.0,0.0,0.0,92.0,193.0,232.0,251.0,103.0,111.0,106.0,210.0,469.0,188.0,299.0
91,PROPOSED STATEWIDE AMENDMENT NUMBER ELEVEN (11)         ,NON,Yes-Statewide Amendment               ,183.0,84.0,92.0,109.0,118.0,695.0,355.0,380.0,88.0,584.0,37.0,90.0,463.0,93.0,437.0,69.0,311.0,822.0,962.0,50.0,23.0,115.0,125.0,84.0,563.0,418.0,186.0,76.0,219.0,254.0,177.0,434.0,171.0,45.0,74.0,207.0,27.0,0.0,47.0,152.0,204.0,205.0,70.0,79.0,90.0,200.0,414.0,170.0,392.0
92,PROPOSED STATEWIDE AMENDMENT NUMBER ELEVEN (11)         ,NON,No-Statewide Amendment                ,100.0,86.0,103.0,103.0,117.0,548.0,297.0,304.0,93.0,476.0,57.0,109.0,420.0,112.0,390.0,53.0,286.0,699.0,667.0,50.0,41.0,125.0,129.0,84.0,360.0,304.0,177.0,86.0,246.0,318.0,151.0,421.0,174.0,47.0,87.0,256.0,23.0,0.0,81.0,151.0,170.0,193.0,82.0,75.0,97.0,134.0,393.0,179.0,182.0
93,PROPOSED STATEWIDE AMENDMENT NUMBER ELEVEN (11)         ,   ,Over Votes                            ,0.0,0.0,0.0,0.0,0.0,0.0,0.0,0.0,0.0,1.0,0.0,0.0,0.0,0.0,0.0,0.0,2.0,0.0,1.0,0.0,0.0,0.0,0.0,0.0,0.0,0.0,0.0,0.0,0.0,1.0,0.0,0.0,0.0,0.0,0.0,0.0,0.0,0.0,0.0,0.0,0.0,1.0,0.0,0.0,0.0,0.0,0.0,0.0,0.0
94,PROPOSED STATEWIDE AMENDMENT NUMBER ELEVEN (11)         ,   ,Under Votes                           ,202.0,73.0,72.0,111.0,102.0,430.0,285.0,272.0,53.0,382.0,42.0,124.0,316.0,118.0,367.0,89.0,172.0,645.0,622.0,79.0,16.0,105.0,87.0,57.0,290.0,286.0,178.0,105.0,192.0,242.0,96.0,284.0,220.0,41.0,82.0,195.0,0.0,0.0,71.0,126.0,164.0,152.0,63.0,67.0,73.0,159.0,303.0,104.0,222.0
95,PROPOSED STATEWIDE AMENDMENT NUMBER TWELVE (12)         ,NON,Yes-Statewide Amendment               ,127.0,50.0,49.0,74.0,84.0,441.0,230.0,266.0,52.0,372.0,20.0,54.0,297.0,58.0,323.0,30.0,207.0,521.0,618.0,35.0,18.0,71.0,77.0,51.0,409.0,288.0,116.0,46.0,142.0,184.0,90.0,292.0,96.0,32.0,42.0,125.0,15.0,0.0,32.0,94.0,122.0,127.0,50.0,39.0,63.0,148.0,276.0,108.0,297.0
96,PROPOSED STATEWIDE AMENDMENT NUMBER TWELVE (12)         ,NON,No-Statewide Amendment                ,126.0,96.0,104.0,105.0,98.0,608.0,297.0,311.0,86.0,516.0,64.0,105.0,413.0,104.0,379.0,51.0,285.0,667.0,680.0,49.0,34.0,132.0,134.0,93.0,350.0,272.0,183.0,81.0,262.0,326.0,151.0,448.0,175.0,46.0,79.0,274.0,26.0,0.0,77.0,154.0,186.0,196.0,69.0,74.0,98.0,144.0,403.0,162.0,221.0
97,PROPOSED STATEWIDE AMENDMENT NUMBER TWELVE (12)         ,   ,Over Votes                            ,0.0,1.0,0.0,0.0,0.0,1.0,0.0,1.0,0.0,2.0,0.0,0.0,0.0,0.0,0.0,0.0,0.0,1.0,1.0,0.0,0.0,0.0,0.0,0.0,0.0,0.0,0.0,0.0,0.0,0.0,1.0,0.0,0.0,0.0,0.0,0.0,0.0,0.0,1.0,0.0,0.0,0.0,0.0,0.0,0.0,0.0,0.0,0.0,0.0
98,PROPOSED STATEWIDE AMENDMENT NUMBER TWELVE (12)         ,   ,Under Votes                           ,232.0,96.0,114.0,144.0,155.0,623.0,410.0,378.0,96.0,553.0,52.0,164.0,489.0,161.0,492.0,130.0,279.0,977.0,953.0,95.0,28.0,142.0,130.0,81.0,454.0,448.0,242.0,140.0,253.0,305.0,182.0,399.0,294.0,55.0,122.0,259.0,0.0,0.0,89.0,181.0,230.0,228.0,96.0,108.0,99.0,201.0,431.0,183.0,278.0
99,PROPOSED STATEWIDE AMENDMENT NUMBER THIRTEEN (13)       ,NON,Yes-Statewide Amendment               ,171.0,90.0,104.0,118.0,132.0,643.0,330.0,389.0,76.0,580.0,47.0,102.0,491.0,97.0,444.0,63.0,309.0,739.0,882.0,50.0,26.0,115.0,130.0,78.0,584.0,379.0,170.0,76.0,249.0,248.0,159.0,449.0,179.0,41.0,78.0,226.0,26.0,0.0,77.0,158.0,189.0,219.0,83.0,83.0,86.0,186.0,433.0,168.0,398.0
100,PROPOSED STATEWIDE AMENDMENT NUMBER THIRTEEN (13)       ,NON,No-Statewide Amendment                ,135.0,85.0,95.0,97.0,115.0,655.0,351.0,308.0,101.0,513.0,54.0,112.0,442.0,115.0,405.0,64.0,292.0,854.0,795.0,53.0,37.0,133.0,128.0,98.0,379.0,349.0,206.0,97.0,243.0,335.0,172.0,423.0,183.0,53.0,91.0,272.0,25.0,0.0,57.0,167.0,190.0,195.0,69.0,75.0,111.0,166.0,394.0,182.0,190.0
101,PROPOSED STATEWIDE AMENDMENT NUMBER THIRTEEN (13)       ,   ,Over Votes                            ,0.0,0.0,0.0,0.0,0.0,0.0,0.0,1.0,0.0,2.0,0.0,0.0,1.0,0.0,1.0,1.0,0.0,0.0,2.0,0.0,0.0,0.0,0.0,0.0,0.0,1.0,1.0,0.0,0.0,2.0,0.0,0.0,0.0,1.0,0.0,0.0,0.0,0.0,0.0,0.0,0.0,0.0,0.0,0.0,0.0,0.0,0.0,0.0,0.0
102,PROPOSED STATEWIDE AMENDMENT NUMBER THIRTEEN (13)       ,   ,Under Votes                           ,179.0,68.0,68.0,108.0,90.0,375.0,256.0,258.0,57.0,348.0,35.0,109.0,265.0,111.0,344.0,83.0,170.0,573.0,573.0,76.0,17.0,97.0,83.0,49.0,250.0,279.0,164.0,94.0,165.0,230.0,93.0,267.0,203.0,38.0,74.0,160.0,0.0,0.0,65.0,104.0,159.0,137.0,63.0,63.0,63.0,141.0,283.0,103.0,208.0
103,PROPOSED STATEWIDE AMENDMENT NUMBER FOURTEEN (14)       ,NON,Yes-Statewide Amendment               ,181.0,80.0,122.0,138.0,159.0,914.0,477.0,454.0,115.0,705.0,47.0,118.0,620.0,143.0,630.0,95.0,397.0,1066.0,1194.0,91.0,29.0,151.0,176.0,96.0,669.0,492.0,255.0,106.0,291.0,345.0,217.0,544.0,232.0,56.0,96.0,254.0,32.0,0.0,75.0,187.0,261.0,264.0,116.0,103.0,112.0,246.0,528.0,206.0,420.0
104,PROPOSED STATEWIDE AMENDMENT NUMBER FOURTEEN (14)       ,NON,No-Statewide Amendment                ,103.0,88.0,76.0,86.0,92.0,391.0,216.0,253.0,67.0,416.0,55.0,89.0,310.0,79.0,281.0,38.0,213.0,580.0,527.0,33.0,38.0,93.0,88.0,78.0,289.0,269.0,134.0,76.0,198.0,267.0,123.0,340.0,147.0,37.0,71.0,224.0,17.0,0.0,69.0,138.0,141.0,147.0,53.0,66.0,88.0,112.0,320.0,145.0,176.0
105,PROPOSED STATEWIDE AMENDMENT NUMBER FOURTEEN (14)       ,   ,Over Votes                            ,0.0,0.0,0.0,0.0,0.0,2.0,0.0,1.0,0.0,1.0,0.0,0.0,0.0,0.0,0.0,0.0,0.0,2.0,1.0,0.0,0.0,0.0,1.0,0.0,0.0,1.0,0.0,0.0,0.0,1.0,0.0,1.0,0.0,0.0,0.0,0.0,0.0,0.0,0.0,0.0,0.0,0.0,0.0,0.0,0.0,0.0,0.0,0.0,0.0
106,PROPOSED STATEWIDE AMENDMENT NUMBER FOURTEEN (14)       ,   ,Under Votes                           ,201.0,75.0,69.0,99.0,86.0,366.0,244.0,248.0,52.0,321.0,34.0,116.0,269.0,101.0,283.0,78.0,161.0,518.0,530.0,55.0,13.0,101.0,76.0,51.0,255.0,246.0,152.0,85.0,168.0,202.0,84.0,254.0,186.0,40.0,76.0,180.0,0.0,0.0,55.0,104.0,136.0,140.0,46.0,52.0,60.0,135.0,262.0,102.0,200.0
107,"CHAIRMAN, WALKER COUNTY COMMISSION                      ",REP,Jerry Bishop                          ,310.0,156.0,165.0,203.0,197.0,1255.0,602.0,472.0,174.0,915.0,95.0,168.0,749.0,211.0,772.0,138.0,545.0,1374.0,1442.0,74.0,47.0,193.0,140.0,104.0,592.0,568.0,292.0,158.0,388.0,369.0,230.0,598.0,350.0,76.0,115.0,336.0,49.0,0.0,146.0,241.0,301.0,348.0,101.0,115.0,179.0,300.0,685.0,280.0,329.0
108,"CHAIRMAN, WALKER COUNTY COMMISSION                      ",IND,Dan Wright                            ,118.0,65.0,90.0,87.0,109.0,309.0,280.0,383.0,47.0,371.0,32.0,133.0,369.0,88.0,233.0,67.0,162.0,676.0,646.0,88.0,29.0,124.0,184.0,115.0,445.0,365.0,203.0,93.0,224.0,361.0,170.0,426.0,184.0,51.0,102.0,284.0,19.0,0.0,29.0,163.0,146.0,175.0,88.0,92.0,62.0,70.0,366.0,136.0,287.0
109,"CHAIRMAN, WALKER COUNTY COMMISSION                      ",NON,Write-In                              ,0.0,0.0,0.0,2.0,0.0,2.0,1.0,2.0,0.0,5.0,2.0,0.0,7.0,0.0,3.0,0.0,4.0,3.0,5.0,0.0,0.0,6.0,3.0,0.0,4.0,3.0,4.0,0.0,4.0,2.0,3.0,3.0,2.0,0.0,1.0,2.0,0.0,0.0,0.0,2.0,4.0,3.0,1.0,0.0,1.0,7.0,2.0,2.0,7.0
110,"CHAIRMAN, WALKER COUNTY COMMISSION                      ",   ,Over Votes                            ,0.0,0.0,0.0,1.0,0.0,1.0,0.0,0.0,0.0,1.0,0.0,0.0,0.0,1.0,0.0,0.0,0.0,0.0,3.0,0.0,0.0,0.0,2.0,0.0,0.0,0.0,2.0,0.0,1.0,2.0,0.0,1.0,0.0,2.0,0.0,1.0,0.0,0.0,0.0,0.0,0.0,0.0,0.0,0.0,0.0,0.0,3.0,0.0,0.0
111,"CHAIRMAN, WALKER COUNTY COMMISSION                      ",   ,Under Votes                           ,68.0,22.0,12.0,30.0,31.0,106.0,54.0,99.0,13.0,151.0,7.0,22.0,74.0,23.0,186.0,6.0,60.0,113.0,156.0,17.0,4.0,22.0,12.0,6.0,172.0,72.0,40.0,16.0,40.0,81.0,21.0,117.0,29.0,4.0,25.0,35.0,0.0,0.0,24.0,23.0,87.0,25.0,25.0,14.0,18.0,116.0,54.0,35.0,173.0
112,"MEMBER, WALKER COUNTY COMMISSION DISTRICT NO. 1         ",REP,Keith Davis                           ,152.0,27.0,109.0,,,,,,,,,152.0,622.0,,,,,1276.0,1302.0,,,166.0,,,,,,,306.0,,197.0,,,,,,26.0,0.0,,,,292.0,,,,,,,
113,"MEMBER, WALKER COUNTY COMMISSION DISTRICT NO. 1         ",PEO,Paula Sue James                       ,9.0,2.0,7.0,,,,,,,,,8.0,27.0,,,,,78.0,91.0,,,11.0,,,,,,,31.0,,15.0,,,,,,1.0,0.0,,,,15.0,,,,,,,
114,"MEMBER, WALKER COUNTY COMMISSION DISTRICT NO. 1         ",IND,Jason Akins                           ,39.0,18.0,150.0,,,,,,,,,144.0,488.0,,,,,689.0,679.0,,,127.0,,,,,,,276.0,,190.0,,,,,,11.0,0.0,,,,200.0,,,,,,,
115,"MEMBER, WALKER COUNTY COMMISSION DISTRICT NO. 1         ",NON,Write-In                              ,0.0,0.0,0.0,,,,,,,,,0.0,7.0,,,,,14.0,14.0,,,14.0,,,,,,,15.0,,2.0,,,,,,0.0,0.0,,,,16.0,,,,,,,
116,"MEMBER, WALKER COUNTY COMMISSION DISTRICT NO. 1         ",   ,Over Votes                            ,0.0,0.0,0.0,,,,,,,,,0.0,1.0,,,,,2.0,2.0,,,3.0,,,,,,,3.0,,0.0,,,,,,0.0,0.0,,,,0.0,,,,,,,
117,"MEMBER, WALKER COUNTY COMMISSION DISTRICT NO. 1         ",   ,Under Votes                           ,21.0,4.0,1.0,,,,,,,,,19.0,54.0,,,,,107.0,164.0,,,24.0,,,,,,,26.0,,20.0,,,,,,0.0,0.0,,,,28.0,,,,,,,
118,"MEMBER, WALKER COUNTY COMMISSION DISTRICT NO. 2         ",REP,Jeff Burrough                         ,65.0,59.0,,,255.0,,,754.0,,,102.0,,,,,182.0,,,,137.0,,,231.0,,,752.0,398.0,216.0,,,,,,,200.0,531.0,7.0,0.0,,328.0,,,161.0,180.0,,,,,354.0
119,"MEMBER, WALKER COUNTY COMMISSION DISTRICT NO. 2         ",PEO,Wade Szakacs                          ,10.0,8.0,,,33.0,,,90.0,,,24.0,,,,,12.0,,,,16.0,,,62.0,,,138.0,69.0,29.0,,,,,,,9.0,52.0,3.0,0.0,,67.0,,,27.0,20.0,,,,,170.0
120,"MEMBER, WALKER COUNTY COMMISSION DISTRICT NO. 2         ",NON,Write-In                              ,1.0,0.0,,,1.0,,,3.0,,,0.0,,,,,1.0,,,,1.0,,,4.0,,,1.0,1.0,0.0,,,,,,,0.0,1.0,0.0,0.0,,1.0,,,0.0,1.0,,,,,10.0
121,"MEMBER, WALKER COUNTY COMMISSION DISTRICT NO. 2         ",   ,Over Votes                            ,0.0,0.0,,,0.0,,,2.0,,,0.0,,,,,1.0,,,,2.0,,,0.0,,,2.0,1.0,0.0,,,,,,,0.0,1.0,0.0,0.0,,0.0,,,0.0,0.0,,,,,0.0
122,"MEMBER, WALKER COUNTY COMMISSION DISTRICT NO. 2         ",   ,Under Votes                           ,34.0,7.0,,,48.0,,,107.0,,,10.0,,,,,15.0,,,,23.0,,,44.0,,,115.0,72.0,22.0,,,,,,,34.0,73.0,0.0,0.0,,33.0,,,27.0,20.0,,,,,262.0
123,"MEMBER, WALKER COUNTY COMMISSION DISTRICT NO. 3         ",REP,Ralph Williams                        ,82.0,33.0,,,,,,,,1162.0,,,,,,,,,,,67.0,,,193.0,789.0,,,,,630.0,,906.0,,111.0,,,7.0,0.0,,,,,,,225.0,,962.0,373.0,
124,"MEMBER, WALKER COUNTY COMMISSION DISTRICT NO. 3         ",NON,Write-In                              ,2.0,0.0,,,,,,,,16.0,,,,,,,,,,,0.0,,,4.0,24.0,,,,,11.0,,8.0,,4.0,,,0.0,0.0,,,,,,,4.0,,10.0,4.0,
125,"MEMBER, WALKER COUNTY COMMISSION DISTRICT NO. 3         ",   ,Over Votes                            ,0.0,0.0,,,,,,,,1.0,,,,,,,,,,,0.0,,,0.0,1.0,,,,,0.0,,0.0,,0.0,,,0.0,0.0,,,,,,,1.0,,0.0,0.0,
126,"MEMBER, WALKER COUNTY COMMISSION DISTRICT NO. 3         ",   ,Under Votes                           ,47.0,4.0,,,,,,,,264.0,,,,,,,,,,,13.0,,,28.0,399.0,,,,,174.0,,230.0,,18.0,,,0.0,0.0,,,,,,,30.0,,138.0,76.0,
127,"MEMBER, WALKER COUNTY COMMISSION DISTRICT NO. 4         ",REP,Steven Aderholt                       ,36.0,59.0,,215.0,,1241.0,690.0,,169.0,,,,,202.0,778.0,,507.0,,,,,,,,,,,,,,,,305.0,,,,7.0,0.0,121.0,,273.0,,,,,291.0,,,
128,"MEMBER, WALKER COUNTY COMMISSION DISTRICT NO. 4         ",PEO,"Leslie ""Brian"" Williams               ",4.0,14.0,,70.0,,328.0,185.0,,53.0,,,,,99.0,238.0,,206.0,,,,,,,,,,,,,,,,241.0,,,,4.0,0.0,61.0,,183.0,,,,,84.0,,,
129,"MEMBER, WALKER COUNTY COMMISSION DISTRICT NO. 4         ",NON,Write-In                              ,0.0,0.0,,3.0,,1.0,1.0,,0.0,,,,,0.0,4.0,,3.0,,,,,,,,,,,,,,,,1.0,,,,0.0,0.0,0.0,,2.0,,,,,7.0,,,
130,"MEMBER, WALKER COUNTY COMMISSION DISTRICT NO. 4         ",   ,Over Votes                            ,0.0,0.0,,0.0,,5.0,1.0,,0.0,,,,,0.0,1.0,,2.0,,,,,,,,,,,,,,,,0.0,,,,0.0,0.0,0.0,,0.0,,,,,0.0,,,
131,"MEMBER, WALKER COUNTY COMMISSION DISTRICT NO. 4         ",   ,Under Votes                           ,2.0,8.0,,35.0,,98.0,60.0,,12.0,,,,,22.0,173.0,,53.0,,,,,,,,,,,,,,,,18.0,,,,0.0,0.0,17.0,,80.0,,,,,111.0,,,
132,"MEMBER, WALKER COUNTY BOARD OF EDUCATION, DISTRICT NO. 2",REP,Todd Vick                             ,65.0,61.0,,,255.0,,,769.0,,,104.0,,,,,183.0,,,,143.0,,,271.0,,,779.0,410.0,223.0,,,,,,,190.0,511.0,9.0,0.0,,355.0,,,164.0,182.0,,,,,421.0
133,"MEMBER, WALKER COUNTY BOARD OF EDUCATION, DISTRICT NO. 2",NON,Write-In                              ,2.0,2.0,,,1.0,,,15.0,,,1.0,,,,,1.0,,,,4.0,,,7.0,,,11.0,6.0,1.0,,,,,,,3.0,13.0,0.0,0.0,,8.0,,,5.0,1.0,,,,,16.0
134,"MEMBER, WALKER COUNTY BOARD OF EDUCATION, DISTRICT NO. 2",   ,Over Votes                            ,0.0,0.0,,,0.0,,,1.0,,,0.0,,,,,0.0,,,,0.0,,,0.0,,,0.0,0.0,0.0,,,,,,,0.0,0.0,0.0,0.0,,0.0,,,0.0,0.0,,,,,0.0
135,"MEMBER, WALKER COUNTY BOARD OF EDUCATION, DISTRICT NO. 2",   ,Under Votes                           ,42.0,11.0,,,81.0,,,171.0,,,31.0,,,,,27.0,,,,32.0,,,63.0,,,218.0,125.0,43.0,,,,,,,50.0,134.0,0.0,0.0,,66.0,,,46.0,38.0,,,,,359.0
136,"MEMBER, WALKER COUNTY BOARD OF EDUCATION, DISTRICT NO. 4",REP,Lee Ann Headrick                      ,30.0,66.0,,258.0,,1470.0,791.0,,204.0,,,,,263.0,951.0,,654.0,,,,,,,,,,,,,,,,452.0,,,,10.0,0.0,165.0,,394.0,,,,,346.0,,,
137,"MEMBER, WALKER COUNTY BOARD OF EDUCATION, DISTRICT NO. 4",NON,Write-In                              ,0.0,0.0,,6.0,,18.0,6.0,,1.0,,,,,1.0,18.0,,12.0,,,,,,,,,,,,,,,,2.0,,,,0.0,0.0,1.0,,7.0,,,,,7.0,,,
138,"MEMBER, WALKER COUNTY BOARD OF EDUCATION, DISTRICT NO. 4",   ,Over Votes                            ,0.0,0.0,,0.0,,0.0,0.0,,0.0,,,,,0.0,0.0,,0.0,,,,,,,,,,,,,,,,0.0,,,,0.0,0.0,0.0,,0.0,,,,,0.0,,,
139,"MEMBER, WALKER COUNTY BOARD OF EDUCATION, DISTRICT NO. 4",   ,Under Votes                           ,4.0,15.0,,59.0,,185.0,140.0,,29.0,,,,,59.0,225.0,,105.0,,,,,,,,,,,,,,,,111.0,,,,0.0,0.0,33.0,,137.0,,,,,140.0,,,
140,"WALKER COUNTY CONSTABLE, BEAT 1                         ",REP,Terry D. Stripling                    ,98.0,,,,,,,,,,,,,,,,,,1877.0,,,,,,,,,,,,,,,,,,6.0,,,,,,,,,,,,
141,"WALKER COUNTY CONSTABLE, BEAT 1                         ",NON,Write-In                              ,1.0,,,,,,,,,,,,,,,,,,21.0,,,,,,,,,,,,,,,,,,0.0,,,,,,,,,,,,
142,"WALKER COUNTY CONSTABLE, BEAT 1                         ",   ,Over Votes                            ,0.0,,,,,,,,,,,,,,,,,,0.0,,,,,,,,,,,,,,,,,,0.0,,,,,,,,,,,,
143,"WALKER COUNTY CONSTABLE, BEAT 1                         ",   ,Under Votes                           ,22.0,,,,,,,,,,,,,,,,,,354.0,,,,,,,,,,,,,,,,,,0.0,,,,,,,,,,,,
144,"WALKER COUNTY CONSTABLE, BEAT 2                         ",REP,Michael C. Williams                   ,39.0,,,,,,,,,,,,,,,,,1794.0,,,,,,,,,,,,,,,,,,,4.0,,,,,,,,,,,,
145,"WALKER COUNTY CONSTABLE, BEAT 2                         ",NON,Write-In                              ,0.0,,,,,,,,,,,,,,,,,23.0,,,,,,,,,,,,,,,,,,,0.0,,,,,,,,,,,,
146,"WALKER COUNTY CONSTABLE, BEAT 2                         ",   ,Over Votes                            ,0.0,,,,,,,,,,,,,,,,,0.0,,,,,,,,,,,,,,,,,,,0.0,,,,,,,,,,,,
147,"WALKER COUNTY CONSTABLE, BEAT 2                         ",   ,Under Votes                           ,11.0,,,,,,,,,,,,,,,,,349.0,,,,,,,,,,,,,,,,,,,0.0,,,,,,,,,,,,
148,"WALKER COUNTY CONSTABLE, BEAT 3                         ",REP,Tommy A. Cleghorn                     ,8.0,,,,255.0,,,,,,,,,,,,,,,,,,,,,,,,,,,,,,,,0.0,,,,,,,,,,,,
149,"WALKER COUNTY CONSTABLE, BEAT 3                         ",NON,Write-In                              ,0.0,,,,2.0,,,,,,,,,,,,,,,,,,,,,,,,,,,,,,,,0.0,,,,,,,,,,,,
150,"WALKER COUNTY CONSTABLE, BEAT 3                         ",   ,Over Votes                            ,0.0,,,,0.0,,,,,,,,,,,,,,,,,,,,,,,,,,,,,,,,0.0,,,,,,,,,,,,
151,"WALKER COUNTY CONSTABLE, BEAT 3                         ",   ,Under Votes                           ,1.0,,,,80.0,,,,,,,,,,,,,,,,,,,,,,,,,,,,,,,,0.0,,,,,,,,,,,,
152,"WALKER COUNTY CONSTABLE, BEAT 4                         ",REP,Don Frazier                           ,36.0,,,,,,,,,,,,,,,,,,,,,,,,760.0,,,,,,,,,,,,0.0,,,,,,,,,,,,
153,"WALKER COUNTY CONSTABLE, BEAT 4                         ",NON,Write-In                              ,0.0,,,,,,,,,,,,,,,,,,,,,,,,21.0,,,,,,,,,,,,0.0,,,,,,,,,,,,
154,"WALKER COUNTY CONSTABLE, BEAT 4                         ",   ,Over Votes                            ,0.0,,,,,,,,,,,,,,,,,,,,,,,,0.0,,,,,,,,,,,,0.0,,,,,,,,,,,,
155,"WALKER COUNTY CONSTABLE, BEAT 4                         ",   ,Under Votes                           ,29.0,,,,,,,,,,,,,,,,,,,,,,,,432.0,,,,,,,,,,,,0.0,,,,,,,,,,,,
156,"WALKER COUNTY CONSTABLE, BEAT 5                         ",REP,Phillip K. Howard                     ,16.0,,,,,,,776.0,,,,,,,,,,,,,,,,,,,,,,,,,,,,,0.0,,,,,,,,,,,,
157,"WALKER COUNTY CONSTABLE, BEAT 5                         ",NON,Write-In                              ,0.0,,,,,,,11.0,,,,,,,,,,,,,,,,,,,,,,,,,,,,,0.0,,,,,,,,,,,,
158,"WALKER COUNTY CONSTABLE, BEAT 5                         ",   ,Over Votes                            ,0.0,,,,,,,0.0,,,,,,,,,,,,,,,,,,,,,,,,,,,,,0.0,,,,,,,,,,,,
159,"WALKER COUNTY CONSTABLE, BEAT 5                         ",   ,Under Votes                           ,9.0,,,,,,,169.0,,,,,,,,,,,,,,,,,,,,,,,,,,,,,0.0,,,,,,,,,,,,
160,"WALKER COUNTY CONSTABLE, BEAT 6                         ",REP,Ron Howton                            ,3.0,,,,,,,,,,,,,,,,,,,,,,,,,,,,,,,,,,,,0.0,,,,,,168.0,,,,,,
161,"WALKER COUNTY CONSTABLE, BEAT 6                         ",NON,Write-In                              ,0.0,,,,,,,,,,,,,,,,,,,,,,,,,,,,,,,,,,,,0.0,,,,,,2.0,,,,,,
162,"WALKER COUNTY CONSTABLE, BEAT 6                         ",   ,Over Votes                            ,0.0,,,,,,,,,,,,,,,,,,,,,,,,,,,,,,,,,,,,0.0,,,,,,0.0,,,,,,
163,"WALKER COUNTY CONSTABLE, BEAT 6                         ",   ,Under Votes                           ,3.0,,,,,,,,,,,,,,,,,,,,,,,,,,,,,,,,,,,,0.0,,,,,,45.0,,,,,,
164,"WALKER COUNTY CONSTABLE, BEAT 7                         ",REP,Ronald E. Raines                      ,19.0,,,,,,,,,,,,,,,,,,,,,,,,,715.0,,,,,,,,,,,0.0,,,,,,,,,,,,
165,"WALKER COUNTY CONSTABLE, BEAT 7                         ",PEO,Kenneth L Thomas                      ,4.0,,,,,,,,,,,,,,,,,,,,,,,,,150.0,,,,,,,,,,,0.0,,,,,,,,,,,,
166,"WALKER COUNTY CONSTABLE, BEAT 7                         ",NON,Write-In                              ,0.0,,,,,,,,,,,,,,,,,,,,,,,,,7.0,,,,,,,,,,,0.0,,,,,,,,,,,,
167,"WALKER COUNTY CONSTABLE, BEAT 7                         ",   ,Over Votes                            ,0.0,,,,,,,,,,,,,,,,,,,,,,,,,1.0,,,,,,,,,,,0.0,,,,,,,,,,,,
168,"WALKER COUNTY CONSTABLE, BEAT 7                         ",   ,Under Votes                           ,5.0,,,,,,,,,,,,,,,,,,,,,,,,,135.0,,,,,,,,,,,0.0,,,,,,,,,,,,
169,"WALKER COUNTY CONSTABLE, BEAT 8                         ",PEO,Natalie Ann Perry                     ,2.0,,,,,,,,,,,,,,,,,,,,,,,,,,,,,,,,,,,,1.0,,,,,,,,,,,,157.0
170,"WALKER COUNTY CONSTABLE, BEAT 8                         ",IND,Jeffrey Lynn Lockhart                 ,9.0,,,,,,,,,,,,,,,,,,,,,,,,,,,,,,,,,,,,0.0,,,,,,,,,,,,261.0
171,"WALKER COUNTY CONSTABLE, BEAT 8                         ",NON,Write-In                              ,1.0,,,,,,,,,,,,,,,,,,,,,,,,,,,,,,,,,,,,0.0,,,,,,,,,,,,8.0
172,"WALKER COUNTY CONSTABLE, BEAT 8                         ",   ,Over Votes                            ,0.0,,,,,,,,,,,,,,,,,,,,,,,,,,,,,,,,,,,,0.0,,,,,,,,,,,,0.0
173,"WALKER COUNTY CONSTABLE, BEAT 8                         ",   ,Under Votes                           ,24.0,,,,,,,,,,,,,,,,,,,,,,,,,,,,,,,,,,,,0.0,,,,,,,,,,,,370.0
174,"WALKER COUNTY CONSTABLE, BEAT 9                         ",NON,Write-In                              ,0.0,,,,,,,,,,,,,,,,,,,,,,,,,,,,,126.0,,,,,,,0.0,,,,,,,,,,,,
175,"WALKER COUNTY CONSTABLE, BEAT 9                         ",   ,Over Votes                            ,0.0,,,,,,,,,,,,,,,,,,,,,,,,,,,,,0.0,,,,,,,0.0,,,,,,,,,,,,
176,"WALKER COUNTY CONSTABLE, BEAT 9                         ",   ,Under Votes                           ,4.0,,,,,,,,,,,,,,,,,,,,,,,,,,,,,689.0,,,,,,,0.0,,,,,,,,,,,,
177,"WALKER COUNTY CONSTABLE, BEAT 10                        ",NON,Write-In                              ,0.0,,,,,,,,,,,,,,,,,,,,,,,,,,,,,,,,,,,,0.0,,,,,,,,32.0,,,,
178,"WALKER COUNTY CONSTABLE, BEAT 10                        ",   ,Over Votes                            ,0.0,,,,,,,,,,,,,,,,,,,,,,,,,,,,,,,,,,,,0.0,,,,,,,,0.0,,,,
179,"WALKER COUNTY CONSTABLE, BEAT 10                        ",   ,Under Votes                           ,5.0,,,,,,,,,,,,,,,,,,,,,,,,,,,,,,,,,,,,0.0,,,,,,,,228.0,,,,
180,"WALKER COUNTY CONSTABLE, BEAT 11                        ",REP,Charles Harper                        ,6.0,,,,,,,,,,,,,,,,,,,,,,,,,,,,,,,,,,,,1.0,,,,,,,,,,,359.0,
181,"WALKER COUNTY CONSTABLE, BEAT 11                        ",NON,Write-In                              ,0.0,,,,,,,,,,,,,,,,,,,,,,,,,,,,,,,,,,,,0.0,,,,,,,,,,,9.0,
182,"WALKER COUNTY CONSTABLE, BEAT 11                        ",   ,Over Votes                            ,0.0,,,,,,,,,,,,,,,,,,,,,,,,,,,,,,,,,,,,0.0,,,,,,,,,,,0.0,
183,"WALKER COUNTY CONSTABLE, BEAT 11                        ",   ,Under Votes                           ,0.0,,,,,,,,,,,,,,,,,,,,,,,,,,,,,,,,,,,,0.0,,,,,,,,,,,85.0,
184,"WALKER COUNTY CONSTABLE, BEAT 12                        ",IND,Alex B. Daniel                        ,8.0,,,,,,,,,810.0,,,,,,,,,,,,,,,,,,,,,,,,,,,0.0,,,,,,,,,,,,
185,"WALKER COUNTY CONSTABLE, BEAT 12                        ",NON,Write-In                              ,0.0,,,,,,,,,62.0,,,,,,,,,,,,,,,,,,,,,,,,,,,0.0,,,,,,,,,,,,
186,"WALKER COUNTY CONSTABLE, BEAT 12                        ",   ,Over Votes                            ,0.0,,,,,,,,,0.0,,,,,,,,,,,,,,,,,,,,,,,,,,,0.0,,,,,,,,,,,,
187,"WALKER COUNTY CONSTABLE, BEAT 12                        ",   ,Under Votes                           ,30.0,,,,,,,,,571.0,,,,,,,,,,,,,,,,,,,,,,,,,,,0.0,,,,,,,,,,,,
188,"WALKER COUNTY CONSTABLE, BEAT 13                        ",NON,Write-In                              ,0.0,,,,,,,,,,,,,,129.0,,,,,,,,,,,,,,,,,,,,,,0.0,,,,,,,,,,,,
189,"WALKER COUNTY CONSTABLE, BEAT 13                        ",   ,Over Votes                            ,0.0,,,,,,,,,,,,,,0.0,,,,,,,,,,,,,,,,,,,,,,0.0,,,,,,,,,,,,
190,"WALKER COUNTY CONSTABLE, BEAT 13                        ",   ,Under Votes                           ,15.0,,,,,,,,,,,,,,1065.0,,,,,,,,,,,,,,,,,,,,,,0.0,,,,,,,,,,,,
191,"WALKER COUNTY CONSTABLE, BEAT 14                        ",REP,Phillip Brewer                        ,9.0,,,,,,,,,,,,,,,,,,,,,,,,,,,,,,,,,,,,0.0,,,,,,,,,,948.0,,
192,"WALKER COUNTY CONSTABLE, BEAT 14                        ",NON,Write-In                              ,0.0,,,,,,,,,,,,,,,,,,,,,,,,,,,,,,,,,,,,0.0,,,,,,,,,,13.0,,
193,"WALKER COUNTY CONSTABLE, BEAT 14                        ",   ,Over Votes                            ,0.0,,,,,,,,,,,,,,,,,,,,,,,,,,,,,,,,,,,,0.0,,,,,,,,,,0.0,,
194,"WALKER COUNTY CONSTABLE, BEAT 14                        ",   ,Under Votes                           ,1.0,,,,,,,,,,,,,,,,,,,,,,,,,,,,,,,,,,,,0.0,,,,,,,,,,149.0,,
195,"WALKER COUNTY CONSTABLE, BEAT 15                        ",NON,Write-In                              ,1.0,,,,,,,,,,,,,,,,,,,,,,,,,,,,,,,,,,,,0.0,,,,57.0,,,,,,,,
196,"WALKER COUNTY CONSTABLE, BEAT 15                        ",   ,Over Votes                            ,0.0,,,,,,,,,,,,,,,,,,,,,,,,,,,,,,,,,,,,0.0,,,,0.0,,,,,,,,
197,"WALKER COUNTY CONSTABLE, BEAT 15                        ",   ,Under Votes                           ,3.0,,,,,,,,,,,,,,,,,,,,,,,,,,,,,,,,,,,,0.0,,,,481.0,,,,,,,,
198,"WALKER COUNTY CONSTABLE, BEAT 16                        ",IND,Christopher Manning                   ,3.0,,,,,,,,,,,,,,,,418.0,,,,,,,,,,,,,,,,,,,,1.0,,,,,,,,,,,,
199,"WALKER COUNTY CONSTABLE, BEAT 16                        ",NON,Write-In                              ,2.0,,,,,,,,,,,,,,,,15.0,,,,,,,,,,,,,,,,,,,,0.0,,,,,,,,,,,,
200,"WALKER COUNTY CONSTABLE, BEAT 16                        ",   ,Over Votes                            ,0.0,,,,,,,,,,,,,,,,0.0,,,,,,,,,,,,,,,,,,,,0.0,,,,,,,,,,,,
201,"WALKER COUNTY CONSTABLE, BEAT 16                        ",   ,Under Votes                           ,3.0,,,,,,,,,,,,,,,,338.0,,,,,,,,,,,,,,,,,,,,0.0,,,,,,,,,,,,
202,"WALKER COUNTY CONSTABLE, BEAT 17                        ",PEO,Nicholas M Burnett                    ,17.0,,,,,,,,,,,,593.0,,,,,,,,,,,,,,,,,,,,,,,,6.0,,,,,,,,,,,,
203,"WALKER COUNTY CONSTABLE, BEAT 17                        ",NON,Write-In                              ,0.0,,,,,,,,,,,,19.0,,,,,,,,,,,,,,,,,,,,,,,,0.0,,,,,,,,,,,,
204,"WALKER COUNTY CONSTABLE, BEAT 17                        ",   ,Over Votes                            ,0.0,,,,,,,,,,,,0.0,,,,,,,,,,,,,,,,,,,,,,,,0.0,,,,,,,,,,,,
205,"WALKER COUNTY CONSTABLE, BEAT 17                        ",   ,Under Votes                           ,32.0,,,,,,,,,,,,587.0,,,,,,,,,,,,,,,,,,,,,,,,0.0,,,,,,,,,,,,
206,"WALKER COUNTY CONSTABLE, BEAT 18                        ",NON,Write-In                              ,0.0,,,,,,,,,,18.0,,,,,,,,,,,,,,,,,,,,,,,,,,0.0,,,,,,,,,,,,
207,"WALKER COUNTY CONSTABLE, BEAT 18                        ",   ,Over Votes                            ,0.0,,,,,,,,,,0.0,,,,,,,,,,,,,,,,,,,,,,,,,,0.0,,,,,,,,,,,,
208,"WALKER COUNTY CONSTABLE, BEAT 18                        ",   ,Under Votes                           ,1.0,,,,,,,,,,118.0,,,,,,,,,,,,,,,,,,,,,,,,,,0.0,,,,,,,,,,,,
209,"WALKER COUNTY CONSTABLE, BEAT 19                        ",REP,Joe Thomas                            ,5.0,,,,,,,,199.0,,,,,,,,,,,,,,,,,,,,,,,,,,,,0.0,,,,,,,,,,,,
210,"WALKER COUNTY CONSTABLE, BEAT 19                        ",NON,Write-In                              ,0.0,,,,,,,,2.0,,,,,,,,,,,,,,,,,,,,,,,,,,,,0.0,,,,,,,,,,,,
211,"WALKER COUNTY CONSTABLE, BEAT 19                        ",   ,Over Votes                            ,0.0,,,,,,,,0.0,,,,,,,,,,,,,,,,,,,,,,,,,,,,0.0,,,,,,,,,,,,
212,"WALKER COUNTY CONSTABLE, BEAT 19                        ",   ,Under Votes                           ,0.0,,,,,,,,33.0,,,,,,,,,,,,,,,,,,,,,,,,,,,,0.0,,,,,,,,,,,,
213,"WALKER COUNTY CONSTABLE, BEAT 20                        ",NON,Write-In                              ,0.0,,,,,,,,,,,,,,,,,,,,3.0,,,,,,,,,,,,,,,,0.0,,,,,,,,,,,,
214,"WALKER COUNTY CONSTABLE, BEAT 20                        ",   ,Over Votes                            ,0.0,,,,,,,,,,,,,,,,,,,,0.0,,,,,,,,,,,,,,,,0.0,,,,,,,,,,,,
215,"WALKER COUNTY CONSTABLE, BEAT 20                        ",   ,Under Votes                           ,3.0,,,,,,,,,,,,,,,,,,,,77.0,,,,,,,,,,,,,,,,0.0,,,,,,,,,,,,
216,"WALKER COUNTY CONSTABLE, BEAT 21                        ",REP,Jerald Watts                          ,,2.0,,,,,,,,,,,,,,,,,,,,,,,,,,,,,,,,,,,,0.0,,,,,,,,340.0,,,
217,"WALKER COUNTY CONSTABLE, BEAT 21                        ",NON,Write-In                              ,,0.0,,,,,,,,,,,,,,,,,,,,,,,,,,,,,,,,,,,,0.0,,,,,,,,9.0,,,
218,"WALKER COUNTY CONSTABLE, BEAT 21                        ",   ,Over Votes                            ,,0.0,,,,,,,,,,,,,,,,,,,,,,,,,,,,,,,,,,,,0.0,,,,,,,,0.0,,,
219,"WALKER COUNTY CONSTABLE, BEAT 21                        ",   ,Under Votes                           ,,2.0,,,,,,,,,,,,,,,,,,,,,,,,,,,,,,,,,,,,0.0,,,,,,,,144.0,,,
220,"WALKER COUNTY CONSTABLE, BEAT 22                        ",DEM,Christopher Craft                     ,,5.0,,,,,,,,,,,,,,,,,,,,,,,,,,,,,,445.0,,,,,,1.0,,,,,,,,,,,
221,"WALKER COUNTY CONSTABLE, BEAT 22                        ",REP,Steven Shaver                         ,,18.0,,,,,,,,,,,,,,,,,,,,,,,,,,,,,,556.0,,,,,,0.0,,,,,,,,,,,
222,"WALKER COUNTY CONSTABLE, BEAT 22                        ",PEO,William Cates                         ,,2.0,,,,,,,,,,,,,,,,,,,,,,,,,,,,,,55.0,,,,,,0.0,,,,,,,,,,,
223,"WALKER COUNTY CONSTABLE, BEAT 22                        ",NON,Write-In                              ,,0.0,,,,,,,,,,,,,,,,,,,,,,,,,,,,,,40.0,,,,,,0.0,,,,,,,,,,,
224,"WALKER COUNTY CONSTABLE, BEAT 22                        ",   ,Over Votes                            ,,0.0,,,,,,,,,,,,,,,,,,,,,,,,,,,,,,4.0,,,,,,0.0,,,,,,,,,,,
225,"WALKER COUNTY CONSTABLE, BEAT 22                        ",   ,Under Votes                           ,,1.0,,,,,,,,,,,,,,,,,,,,,,,,,,,,,,45.0,,,,,,0.0,,,,,,,,,,,
226,"WALKER COUNTY CONSTABLE, BEAT 23                        ",REP,Wade Franks                           ,,4.0,,,,,,,,,,,,,,,,,,,,,,,,,,,,,,,,,,,,5.0,,341.0,,,,,,,,,
227,"WALKER COUNTY CONSTABLE, BEAT 23                        ",NON,Write-In                              ,,0.0,,,,,,,,,,,,,,,,,,,,,,,,,,,,,,,,,,,,0.0,,7.0,,,,,,,,,
228,"WALKER COUNTY CONSTABLE, BEAT 23                        ",   ,Over Votes                            ,,0.0,,,,,,,,,,,,,,,,,,,,,,,,,,,,,,,,,,,,0.0,,0.0,,,,,,,,,
229,"WALKER COUNTY CONSTABLE, BEAT 23                        ",   ,Under Votes                           ,,4.0,,,,,,,,,,,,,,,,,,,,,,,,,,,,,,,,,,,,0.0,,81.0,,,,,,,,,
230,"WALKER COUNTY CONSTABLE, BEAT 24                        ",NON,Write-In                              ,,0.0,,,,,,,,,,,,,,,,,,,,,,,,,,,,,,,,,20.0,,,0.0,,,,,,,,,,,
231,"WALKER COUNTY CONSTABLE, BEAT 24                        ",   ,Over Votes                            ,,0.0,,,,,,,,,,,,,,,,,,,,,,,,,,,,,,,,,0.0,,,0.0,,,,,,,,,,,
232,"WALKER COUNTY CONSTABLE, BEAT 24                        ",   ,Under Votes                           ,,1.0,,,,,,,,,,,,,,,,,,,,,,,,,,,,,,,,,223.0,,,0.0,,,,,,,,,,,
233,"WALKER COUNTY CONSTABLE, BEAT 25                        ",NON,Write-In                              ,,0.0,,,,,,,,,,,,,,12.0,,,,,,,,,,,,,,,,,,,,,,0.0,,,,,,,,,,,
234,"WALKER COUNTY CONSTABLE, BEAT 25                        ",   ,Over Votes                            ,,0.0,,,,,,,,,,,,,,0.0,,,,,,,,,,,,,,,,,,,,,,0.0,,,,,,,,,,,
235,"WALKER COUNTY CONSTABLE, BEAT 25                        ",   ,Under Votes                           ,,7.0,,,,,,,,,,,,,,199.0,,,,,,,,,,,,,,,,,,,,,,0.0,,,,,,,,,,,
236,"WALKER COUNTY CONSTABLE, BEAT 26                        ",DEM,Allen D. Hinds                        ,,2.0,,,,,,,,,,,,,,,,,,129.0,,,,,,,,,,,,,,,,,,0.0,,,,,,,,,,,
237,"WALKER COUNTY CONSTABLE, BEAT 26                        ",NON,Write-In                              ,,0.0,,,,,,,,,,,,,,,,,,2.0,,,,,,,,,,,,,,,,,,0.0,,,,,,,,,,,
238,"WALKER COUNTY CONSTABLE, BEAT 26                        ",   ,Over Votes                            ,,0.0,,,,,,,,,,,,,,,,,,0.0,,,,,,,,,,,,,,,,,,0.0,,,,,,,,,,,
239,"WALKER COUNTY CONSTABLE, BEAT 26                        ",   ,Under Votes                           ,,2.0,,,,,,,,,,,,,,,,,,48.0,,,,,,,,,,,,,,,,,,0.0,,,,,,,,,,,
240,"WALKER COUNTY CONSTABLE, BEAT 27                        ",NON,Write-In                              ,,1.0,,,,,,,,,,,,,,,,,,,,,,,,,,,,,,,,,,,,0.0,21.0,,,,,,,,,,
241,"WALKER COUNTY CONSTABLE, BEAT 27                        ",   ,Over Votes                            ,,0.0,,,,,,,,,,,,,,,,,,,,,,,,,,,,,,,,,,,,0.0,0.0,,,,,,,,,,
242,"WALKER COUNTY CONSTABLE, BEAT 27                        ",   ,Under Votes                           ,,1.0,,,,,,,,,,,,,,,,,,,,,,,,,,,,,,,,,,,,0.0,178.0,,,,,,,,,,
243,"WALKER COUNTY CONSTABLE, BEAT 28                        ",REP,David Grace                           ,,14.0,,,,,793.0,,,,,,,,,,,,,,,,,,,,,,,,,,,,,,,6.0,,,,,,,,,,,
244,"WALKER COUNTY CONSTABLE, BEAT 28                        ",NON,Write-In                              ,,0.0,,,,,17.0,,,,,,,,,,,,,,,,,,,,,,,,,,,,,,,0.0,,,,,,,,,,,
245,"WALKER COUNTY CONSTABLE, BEAT 28                        ",   ,Over Votes                            ,,0.0,,,,,0.0,,,,,,,,,,,,,,,,,,,,,,,,,,,,,,,0.0,,,,,,,,,,,
246,"WALKER COUNTY CONSTABLE, BEAT 28                        ",   ,Under Votes                           ,,8.0,,,,,127.0,,,,,,,,,,,,,,,,,,,,,,,,,,,,,,,0.0,,,,,,,,,,,
247,"WALKER COUNTY CONSTABLE, BEAT 29                        ",NON,Write-In                              ,,0.0,,,,,,,,,,,,,,,,,,,,,,,,,,,,,,,,,,,,1.0,,,,,,27.0,,,,,
248,"WALKER COUNTY CONSTABLE, BEAT 29                        ",   ,Over Votes                            ,,0.0,,,,,,,,,,,,,,,,,,,,,,,,,,,,,,,,,,,,0.0,,,,,,0.0,,,,,
249,"WALKER COUNTY CONSTABLE, BEAT 29                        ",   ,Under Votes                           ,,6.0,,,,,,,,,,,,,,,,,,,,,,,,,,,,,,,,,,,,0.0,,,,,,194.0,,,,,
250,"WALKER COUNTY CONSTABLE, BEAT 30                        ",REP,Jim Harrison                          ,,5.0,213.0,,,,,,,,,,,,,,,,,,,,,,,,,,,,,,,,,,,1.0,,,,,,,,,,,
251,"WALKER COUNTY CONSTABLE, BEAT 30                        ",NON,Write-In                              ,,0.0,3.0,,,,,,,,,,,,,,,,,,,,,,,,,,,,,,,,,,,0.0,,,,,,,,,,,
252,"WALKER COUNTY CONSTABLE, BEAT 30                        ",   ,Over Votes                            ,,0.0,0.0,,,,,,,,,,,,,,,,,,,,,,,,,,,,,,,,,,,0.0,,,,,,,,,,,
253,"WALKER COUNTY CONSTABLE, BEAT 30                        ",   ,Under Votes                           ,,1.0,51.0,,,,,,,,,,,,,,,,,,,,,,,,,,,,,,,,,,,0.0,,,,,,,,,,,
254,"WALKER COUNTY CONSTABLE, BEAT 31                        ",IND,Raymond Pugh                          ,,3.0,,,,,,,,,,,,,,,,,,,,,,,,,,,,,,,,,,,,1.0,,,,320.0,,,,,,,
255,"WALKER COUNTY CONSTABLE, BEAT 31                        ",NON,Write-In                              ,,0.0,,,,,,,,,,,,,,,,,,,,,,,,,,,,,,,,,,,,0.0,,,,7.0,,,,,,,
256,"WALKER COUNTY CONSTABLE, BEAT 31                        ",   ,Over Votes                            ,,0.0,,,,,,,,,,,,,,,,,,,,,,,,,,,,,,,,,,,,0.0,,,,0.0,,,,,,,
257,"WALKER COUNTY CONSTABLE, BEAT 31                        ",   ,Under Votes                           ,,5.0,,,,,,,,,,,,,,,,,,,,,,,,,,,,,,,,,,,,0.0,,,,224.0,,,,,,,
258,"WALKER COUNTY CONSTABLE, BEAT 32                        ",REP,Jeremy Chambers                       ,,20.0,,,,,,,,,,,,,,,,,,,,,,,,,,,,,,,,,,498.0,,0.0,,,,,,,,,,,
259,"WALKER COUNTY CONSTABLE, BEAT 32                        ",PEO,Dana Sue Hopper                       ,,0.0,,,,,,,,,,,,,,,,,,,,,,,,,,,,,,,,,,67.0,,0.0,,,,,,,,,,,
260,"WALKER COUNTY CONSTABLE, BEAT 32                        ",NON,Write-In                              ,,0.0,,,,,,,,,,,,,,,,,,,,,,,,,,,,,,,,,,10.0,,0.0,,,,,,,,,,,
261,"WALKER COUNTY CONSTABLE, BEAT 32                        ",   ,Over Votes                            ,,0.0,,,,,,,,,,,,,,,,,,,,,,,,,,,,,,,,,,1.0,,0.0,,,,,,,,,,,
262,"WALKER COUNTY CONSTABLE, BEAT 32                        ",   ,Under Votes                           ,,3.0,,,,,,,,,,,,,,,,,,,,,,,,,,,,,,,,,,82.0,,0.0,,,,,,,,,,,
263,"WALKER COUNTY CONSTABLE, BEAT 33                        ",IND,"James ""Ott"" Estes                     ",,2.0,,,,,,,,,,167.0,,,,,,,,,,,,,,,,,,,,,,,,,,0.0,,,,,,,,,,,
264,"WALKER COUNTY CONSTABLE, BEAT 33                        ",NON,Write-In                              ,,0.0,,,,,,,,,,6.0,,,,,,,,,,,,,,,,,,,,,,,,,,0.0,,,,,,,,,,,
265,"WALKER COUNTY CONSTABLE, BEAT 33                        ",   ,Over Votes                            ,,0.0,,,,,,,,,,0.0,,,,,,,,,,,,,,,,,,,,,,,,,,0.0,,,,,,,,,,,
266,"WALKER COUNTY CONSTABLE, BEAT 33                        ",   ,Under Votes                           ,,1.0,,,,,,,,,,150.0,,,,,,,,,,,,,,,,,,,,,,,,,,0.0,,,,,,,,,,,
267,"WALKER COUNTY CONSTABLE, BEAT 34                        ",NON,Write-In                              ,,1.0,,,,,,,,,,,,,,,,,,,,,,,,,24.0,,,,,,,,,,,0.0,,,,,,,,,,,
268,"WALKER COUNTY CONSTABLE, BEAT 34                        ",   ,Over Votes                            ,,0.0,,,,,,,,,,,,,,,,,,,,,,,,,0.0,,,,,,,,,,,0.0,,,,,,,,,,,
269,"WALKER COUNTY CONSTABLE, BEAT 34                        ",   ,Under Votes                           ,,11.0,,,,,,,,,,,,,,,,,,,,,,,,,517.0,,,,,,,,,,,0.0,,,,,,,,,,,
270,"WALKER COUNTY CONSTABLE, BEAT 35                        ",NON,Write-In                              ,,0.0,,,,,,,,,,,,,,,,,,,,,,,,,,7.0,,,,,,,,,,0.0,,,,,,,,,,,
271,"WALKER COUNTY CONSTABLE, BEAT 35                        ",   ,Over Votes                            ,,0.0,,,,,,,,,,,,,,,,,,,,,,,,,,0.0,,,,,,,,,,0.0,,,,,,,,,,,
272,"WALKER COUNTY CONSTABLE, BEAT 35                        ",   ,Under Votes                           ,,4.0,,,,,,,,,,,,,,,,,,,,,,,,,,260.0,,,,,,,,,,0.0,,,,,,,,,,,
273,"WALKER COUNTY CONSTABLE, BEAT 36                        ",IND,Jeff Nelson                           ,,4.0,,,,,,,,,,,,,,,,,,,,,,131.0,,,,,,,,,,,,,,0.0,,,,,,,,,,,
274,"WALKER COUNTY CONSTABLE, BEAT 36                        ",NON,Write-In                              ,,0.0,,,,,,,,,,,,,,,,,,,,,,2.0,,,,,,,,,,,,,,0.0,,,,,,,,,,,
275,"WALKER COUNTY CONSTABLE, BEAT 36                        ",   ,Over Votes                            ,,0.0,,,,,,,,,,,,,,,,,,,,,,0.0,,,,,,,,,,,,,,0.0,,,,,,,,,,,
276,"WALKER COUNTY CONSTABLE, BEAT 36                        ",   ,Under Votes                           ,,3.0,,,,,,,,,,,,,,,,,,,,,,92.0,,,,,,,,,,,,,,0.0,,,,,,,,,,,
277,"WALKER COUNTY CONSTABLE, BEAT 37                        ",DEM,Terry Pickett                         ,,2.0,,,,359.0,,,,,,,,,,,,,,,,,,,,,,,,,,,,,,,,0.0,,,,,,,,,,,
278,"WALKER COUNTY CONSTABLE, BEAT 37                        ",REP,Ralph Shoemaker                       ,,23.0,,,,1243.0,,,,,,,,,,,,,,,,,,,,,,,,,,,,,,,,0.0,,,,,,,,,,,
279,"WALKER COUNTY CONSTABLE, BEAT 37                        ",NON,Write-In                              ,,0.0,,,,16.0,,,,,,,,,,,,,,,,,,,,,,,,,,,,,,,,0.0,,,,,,,,,,,
280,"WALKER COUNTY CONSTABLE, BEAT 37                        ",   ,Over Votes                            ,,0.0,,,,2.0,,,,,,,,,,,,,,,,,,,,,,,,,,,,,,,,0.0,,,,,,,,,,,
281,"WALKER COUNTY CONSTABLE, BEAT 37                        ",   ,Under Votes                           ,,1.0,,,,53.0,,,,,,,,,,,,,,,,,,,,,,,,,,,,,,,,0.0,,,,,,,,,,,
282,"WALKER COUNTY CONSTABLE, BEAT 38                        ",IND,Ruel Phillips                         ,,5.0,,,,,,,,,,,,171.0,,,,,,,,,,,,,,,,,,,,,,,,1.0,,,,,,,,,,,
283,"WALKER COUNTY CONSTABLE, BEAT 38                        ",NON,Write-In                              ,,1.0,,,,,,,,,,,,4.0,,,,,,,,,,,,,,,,,,,,,,,,0.0,,,,,,,,,,,
284,"WALKER COUNTY CONSTABLE, BEAT 38                        ",   ,Over Votes                            ,,0.0,,,,,,,,,,,,0.0,,,,,,,,,,,,,,,,,,,,,,,,0.0,,,,,,,,,,,
285,"WALKER COUNTY CONSTABLE, BEAT 38                        ",   ,Under Votes                           ,,4.0,,,,,,,,,,,,148.0,,,,,,,,,,,,,,,,,,,,,,,,0.0,,,,,,,,,,,
286,"WALKER COUNTY CONSTABLE, BEAT 39                        ",PEO,Gary O Stone                          ,,2.0,,,,,,,,,,,,,,,,,,,,,,,,,,,57.0,,,,,,,,,2.0,,,,,,,,,,,
287,"WALKER COUNTY CONSTABLE, BEAT 39                        ",IND,Tim Roberts                           ,,6.0,,,,,,,,,,,,,,,,,,,,,,,,,,,124.0,,,,,,,,,2.0,,,,,,,,,,,
288,"WALKER COUNTY CONSTABLE, BEAT 39                        ",NON,Write-In                              ,,0.0,,,,,,,,,,,,,,,,,,,,,,,,,,,300.0,,,,,,,,,2.0,,,,,,,,,,,
289,"WALKER COUNTY CONSTABLE, BEAT 39                        ",   ,Over Votes                            ,,0.0,,,,,,,,,,,,,,,,,,,,,,,,,,,1.0,,,,,,,,,0.0,,,,,,,,,,,
290,"WALKER COUNTY CONSTABLE, BEAT 39                        ",   ,Under Votes                           ,,10.0,,,,,,,,,,,,,,,,,,,,,,,,,,,175.0,,,,,,,,,0.0,,,,,,,,,,,
291,"WALKER COUNTY CONSTABLE, BEAT 40                        ",DEM,Robert Larry Myers                    ,,4.0,,,,,,,,,,,,,,,,,,,,,243.0,,,,,,,,,,,,,,,0.0,,,,,,,,,,,
292,"WALKER COUNTY CONSTABLE, BEAT 40                        ",NON,Write-In                              ,,0.0,,,,,,,,,,,,,,,,,,,,,11.0,,,,,,,,,,,,,,,0.0,,,,,,,,,,,
293,"WALKER COUNTY CONSTABLE, BEAT 40                        ",   ,Over Votes                            ,,0.0,,,,,,,,,,,,,,,,,,,,,0.0,,,,,,,,,,,,,,,0.0,,,,,,,,,,,
294,"WALKER COUNTY CONSTABLE, BEAT 40                        ",   ,Under Votes                           ,,5.0,,,,,,,,,,,,,,,,,,,,,87.0,,,,,,,,,,,,,,,0.0,,,,,,,,,,,
295,"WALKER COUNTY CONSTABLE, BEAT 41                        ",NON,Write-In                              ,,0.0,,,,,,,,,,,,,,,,,,,,,,,,,,,,,,,,43.0,,,,0.0,,,,,,,,,,,
296,"WALKER COUNTY CONSTABLE, BEAT 41                        ",   ,Over Votes                            ,,0.0,,,,,,,,,,,,,,,,,,,,,,,,,,,,,,,,0.0,,,,0.0,,,,,,,,,,,
297,"WALKER COUNTY CONSTABLE, BEAT 41                        ",   ,Under Votes                           ,,4.0,,,,,,,,,,,,,,,,,,,,,,,,,,,,,,,,90.0,,,,0.0,,,,,,,,,,,
298,"WALKER COUNTY CONSTABLE, BEAT 42                        ",REP,"Robert ""Bob"" Moody                    ",,3.0,,234.0,,,,,,,,,,,,,,,,,,,,,,,,,,,,,,,,,,0.0,,,,,,,,,,,
299,"WALKER COUNTY CONSTABLE, BEAT 42                        ",NON,Write-In                              ,,0.0,,25.0,,,,,,,,,,,,,,,,,,,,,,,,,,,,,,,,,,0.0,,,,,,,,,,,
300,"WALKER COUNTY CONSTABLE, BEAT 42                        ",   ,Over Votes                            ,,0.0,,0.0,,,,,,,,,,,,,,,,,,,,,,,,,,,,,,,,,,0.0,,,,,,,,,,,
301,"WALKER COUNTY CONSTABLE, BEAT 42                        ",   ,Under Votes                           ,,3.0,,64.0,,,,,,,,,,,,,,,,,,,,,,,,,,,,,,,,,,0.0,,,,,,,,,,,
302,"WALKER COUNTY CONSTABLE, BEAT 43                        ",PEO,Angela L Smith                        ,,8.0,,,,,,,,,,,,,,,,,,,,,,,,,,,,,,,289.0,,,,,0.0,,,,,,,,,,,
303,"WALKER COUNTY CONSTABLE, BEAT 43                        ",NON,Write-In                              ,,1.0,,,,,,,,,,,,,,,,,,,,,,,,,,,,,,,12.0,,,,,0.0,,,,,,,,,,,
304,"WALKER COUNTY CONSTABLE, BEAT 43                        ",   ,Over Votes                            ,,0.0,,,,,,,,,,,,,,,,,,,,,,,,,,,,,,,0.0,,,,,0.0,,,,,,,,,,,
305,"WALKER COUNTY CONSTABLE, BEAT 43                        ",   ,Under Votes                           ,,2.0,,,,,,,,,,,,,,,,,,,,,,,,,,,,,,,264.0,,,,,0.0,,,,,,,,,,,
306,"WALKER COUNTY CONSTABLE, BEAT 44                        ",REP,Larry C. Odom                         ,,1.0,,,,,,,,,,,,,,,,,,,,270.0,,,,,,,,,,,,,,,,1.0,,,,,,,,,,,
307,"WALKER COUNTY CONSTABLE, BEAT 44                        ",NON,Write-In                              ,,0.0,,,,,,,,,,,,,,,,,,,,13.0,,,,,,,,,,,,,,,,0.0,,,,,,,,,,,
308,"WALKER COUNTY CONSTABLE, BEAT 44                        ",   ,Over Votes                            ,,0.0,,,,,,,,,,,,,,,,,,,,0.0,,,,,,,,,,,,,,,,0.0,,,,,,,,,,,
309,"WALKER COUNTY CONSTABLE, BEAT 44                        ",   ,Under Votes                           ,,0.0,,,,,,,,,,,,,,,,,,,,62.0,,,,,,,,,,,,,,,,0.0,,,,,,,,,,,
310,"WALKER COUNTY CONSTABLE, BEAT 45                        ",REP,Steve Miller                          ,,9.0,,,,,,,,,,,,,,,,,,,,,,,,,,,,,360.0,,,,,,,2.0,,,,,,,,,,,
311,"WALKER COUNTY CONSTABLE, BEAT 45                        ",NON,Write-In                              ,,0.0,,,,,,,,,,,,,,,,,,,,,,,,,,,,,7.0,,,,,,,0.0,,,,,,,,,,,
312,"WALKER COUNTY CONSTABLE, BEAT 45                        ",   ,Over Votes                            ,,0.0,,,,,,,,,,,,,,,,,,,,,,,,,,,,,0.0,,,,,,,0.0,,,,,,,,,,,
313,"WALKER COUNTY CONSTABLE, BEAT 45                        ",   ,Under Votes                           ,,6.0,,,,,,,,,,,,,,,,,,,,,,,,,,,,,57.0,,,,,,,0.0,,,,,,,,,,,
