,Contest Title,Party,Candidate,ABSENTEE 1-40,ABSENTEE 41-76,BELGREEN FIRE PRCT 7,CHUCKIE MULLINS PRCT2-4,COLLEGE AVE ELEM_ PRCT2-2,COURTHOUSE ANNEX PRCT 2-3,EAST FRANKLIN SCH PRCT 19,FRANKFORT PRCT3,HALLTOWN PRCT 14,HODGES PRCT 8,JONESBORO PRCT 17,LAWLERS PRCT 15,MT_ STAR HILLS PRCT 11,NEWBURG PRCT 20,PHIL CAMPBELL PRCT 9,PROVISIONAL 1-40,PROVISIONAL 41-76,QUINN'S GARAGE  PRCT 12,RED BAY  SR_ CTR_  PRCT 5,ROCKWOOD PRCT 10,RUSSELLVILLE ELEC_ PCT2-5,RUSSELLVILLE HIGH PRCT2-1,SPRUCE PINE PRCT 18,THARPTOWN PRCT 13,UNION COMMUNITY PRCT 1,VFD PLEASANT SITE  PRCT 4,VINA FIRE DEPT_ PRCT 6,WACO CHURCH CHRIST PCT16
0,REGISTERED VOTERS - TOTAL                               ,   ,Registered Voters - Total             ,0.0,0.0,0.0,0.0,0.0,0.0,0.0,0.0,0.0,0.0,0.0,0.0,0.0,0.0,0.0,0.0,0.0,0.0,0.0,0.0,0.0,0.0,0.0,0.0,0.0,0.0,0.0,0.0
1,BALLOTS CAST - TOTAL                                    ,   ,Ballots Cast - Total                  ,365.0,146.0,603.0,414.0,507.0,489.0,606.0,209.0,511.0,245.0,378.0,405.0,291.0,176.0,821.0,4.0,0.0,216.0,1386.0,482.0,621.0,1029.0,559.0,385.0,435.0,164.0,492.0,268.0
2,STRAIGHT PARTY                                          ,DEM,Alabama Democratic Party              ,32.0,12.0,30.0,209.0,108.0,67.0,34.0,6.0,25.0,10.0,38.0,29.0,21.0,47.0,49.0,0.0,0.0,19.0,53.0,39.0,122.0,97.0,43.0,44.0,15.0,8.0,23.0,43.0
3,STRAIGHT PARTY                                          ,REP,Alabama Republican Party              ,87.0,28.0,103.0,56.0,95.0,107.0,108.0,41.0,117.0,68.0,77.0,67.0,71.0,35.0,204.0,4.0,0.0,71.0,375.0,105.0,144.0,226.0,112.0,87.0,98.0,39.0,124.0,65.0
4,STRAIGHT PARTY                                          ,   ,Over Votes                            ,1.0,0.0,0.0,0.0,0.0,2.0,0.0,0.0,0.0,3.0,0.0,0.0,0.0,0.0,0.0,0.0,0.0,0.0,0.0,0.0,0.0,0.0,0.0,0.0,0.0,0.0,0.0,0.0
5,STRAIGHT PARTY                                          ,   ,Under Votes                           ,245.0,106.0,470.0,149.0,304.0,313.0,464.0,162.0,369.0,164.0,263.0,309.0,199.0,94.0,568.0,0.0,0.0,126.0,958.0,338.0,355.0,706.0,404.0,254.0,322.0,117.0,345.0,160.0
6,PRESIDENT AND VICE PRESIDENT OF THE UNITED STATES       ,DEM,Hillary Rodham Clinton                ,71.0,21.0,79.0,273.0,166.0,103.0,60.0,25.0,59.0,21.0,64.0,55.0,38.0,76.0,110.0,0.0,0.0,29.0,161.0,80.0,173.0,187.0,85.0,79.0,24.0,24.0,63.0,71.0
7,PRESIDENT AND VICE PRESIDENT OF THE UNITED STATES       ,REP,Donald J. Trump                       ,270.0,118.0,490.0,124.0,314.0,367.0,521.0,177.0,430.0,211.0,297.0,331.0,235.0,96.0,684.0,0.0,0.0,178.0,1175.0,383.0,412.0,799.0,443.0,288.0,393.0,135.0,409.0,186.0
8,PRESIDENT AND VICE PRESIDENT OF THE UNITED STATES       ,IND,Gary Johnson                          ,7.0,4.0,13.0,9.0,14.0,9.0,9.0,5.0,11.0,6.0,10.0,2.0,4.0,2.0,12.0,0.0,0.0,5.0,22.0,12.0,20.0,20.0,16.0,6.0,7.0,0.0,9.0,4.0
9,PRESIDENT AND VICE PRESIDENT OF THE UNITED STATES       ,IND,Jill Stein                            ,0.0,0.0,2.0,2.0,2.0,1.0,3.0,0.0,2.0,0.0,3.0,2.0,5.0,0.0,7.0,0.0,0.0,0.0,4.0,1.0,7.0,2.0,1.0,1.0,2.0,0.0,4.0,3.0
10,PRESIDENT AND VICE PRESIDENT OF THE UNITED STATES       ,NON,Write-In                              ,4.0,5.0,8.0,2.0,3.0,4.0,3.0,0.0,3.0,0.0,0.0,4.0,6.0,0.0,1.0,0.0,0.0,2.0,11.0,2.0,2.0,11.0,5.0,4.0,1.0,0.0,0.0,4.0
11,PRESIDENT AND VICE PRESIDENT OF THE UNITED STATES       ,   ,Over Votes                            ,0.0,0.0,0.0,1.0,1.0,2.0,0.0,0.0,1.0,4.0,1.0,1.0,0.0,0.0,0.0,0.0,0.0,0.0,5.0,0.0,5.0,0.0,5.0,3.0,1.0,0.0,1.0,0.0
12,PRESIDENT AND VICE PRESIDENT OF THE UNITED STATES       ,   ,Under Votes                           ,13.0,2.0,11.0,3.0,7.0,3.0,10.0,2.0,5.0,3.0,3.0,10.0,3.0,2.0,7.0,0.0,0.0,2.0,8.0,4.0,2.0,10.0,4.0,4.0,7.0,5.0,6.0,0.0
13,UNITED STATES SENATOR                                   ,DEM,Ron Crumpton                          ,78.0,32.0,120.0,271.0,194.0,152.0,109.0,34.0,82.0,42.0,89.0,67.0,63.0,77.0,156.0,3.0,0.0,44.0,211.0,110.0,196.0,226.0,132.0,104.0,60.0,30.0,88.0,80.0
14,UNITED STATES SENATOR                                   ,REP,Richard C. Shelby                     ,246.0,103.0,455.0,117.0,295.0,311.0,466.0,163.0,399.0,188.0,261.0,314.0,209.0,95.0,638.0,1.0,0.0,158.0,1078.0,354.0,396.0,762.0,406.0,264.0,346.0,113.0,350.0,182.0
15,UNITED STATES SENATOR                                   ,NON,Write-In                              ,0.0,0.0,0.0,1.0,2.0,0.0,0.0,0.0,0.0,3.0,0.0,0.0,0.0,1.0,0.0,0.0,0.0,0.0,3.0,0.0,0.0,0.0,1.0,1.0,0.0,1.0,1.0,0.0
16,UNITED STATES SENATOR                                   ,   ,Over Votes                            ,0.0,0.0,1.0,1.0,0.0,0.0,0.0,0.0,1.0,1.0,0.0,1.0,0.0,0.0,0.0,0.0,0.0,0.0,1.0,0.0,1.0,0.0,0.0,0.0,1.0,1.0,0.0,0.0
17,UNITED STATES SENATOR                                   ,   ,Under Votes                           ,41.0,15.0,27.0,24.0,16.0,26.0,31.0,12.0,29.0,11.0,28.0,23.0,19.0,3.0,27.0,0.0,0.0,14.0,93.0,18.0,28.0,41.0,20.0,16.0,28.0,19.0,53.0,6.0
18,"UNITED STATES REPRESENTATIVE, 4TH CONGRESSIONAL DISTRICT",REP,Robert Aderholt                       ,262.0,107.0,461.0,159.0,348.0,351.0,497.0,165.0,372.0,193.0,269.0,305.0,214.0,109.0,671.0,2.0,0.0,155.0,1101.0,373.0,437.0,803.0,419.0,269.0,354.0,107.0,353.0,207.0
19,"UNITED STATES REPRESENTATIVE, 4TH CONGRESSIONAL DISTRICT",NON,Write-In                              ,1.0,1.0,6.0,13.0,8.0,4.0,3.0,0.0,2.0,1.0,4.0,3.0,4.0,2.0,6.0,0.0,0.0,2.0,8.0,7.0,8.0,12.0,6.0,6.0,4.0,0.0,8.0,6.0
20,"UNITED STATES REPRESENTATIVE, 4TH CONGRESSIONAL DISTRICT",   ,Over Votes                            ,0.0,0.0,0.0,0.0,0.0,0.0,0.0,0.0,0.0,0.0,0.0,0.0,0.0,0.0,0.0,0.0,0.0,0.0,0.0,0.0,0.0,0.0,0.0,0.0,0.0,0.0,0.0,0.0
21,"UNITED STATES REPRESENTATIVE, 4TH CONGRESSIONAL DISTRICT",   ,Under Votes                           ,102.0,41.0,136.0,242.0,151.0,134.0,106.0,44.0,137.0,51.0,105.0,97.0,73.0,65.0,144.0,0.0,0.0,59.0,277.0,102.0,176.0,214.0,134.0,110.0,77.0,57.0,131.0,55.0
22,"ASSOCIATE JUSTICE OF THE SUPREME COURT, PLACE 1         ",REP,"Michael F. ""Mike"" Bolin               ",236.0,98.0,411.0,142.0,319.0,322.0,407.0,143.0,347.0,181.0,240.0,265.0,196.0,103.0,613.0,0.0,0.0,138.0,1000.0,338.0,409.0,708.0,374.0,244.0,314.0,102.0,328.0,195.0
23,"ASSOCIATE JUSTICE OF THE SUPREME COURT, PLACE 1         ",NON,Write-In                              ,1.0,0.0,7.0,12.0,6.0,3.0,3.0,0.0,1.0,1.0,5.0,3.0,3.0,2.0,4.0,0.0,0.0,2.0,8.0,8.0,6.0,11.0,3.0,3.0,0.0,0.0,9.0,4.0
24,"ASSOCIATE JUSTICE OF THE SUPREME COURT, PLACE 1         ",   ,Over Votes                            ,0.0,0.0,0.0,0.0,0.0,0.0,0.0,0.0,0.0,0.0,0.0,0.0,0.0,0.0,0.0,0.0,0.0,0.0,0.0,0.0,0.0,0.0,0.0,0.0,0.0,0.0,0.0,0.0
25,"ASSOCIATE JUSTICE OF THE SUPREME COURT, PLACE 1         ",   ,Under Votes                           ,128.0,50.0,185.0,260.0,182.0,164.0,196.0,66.0,163.0,63.0,133.0,137.0,92.0,71.0,204.0,0.0,0.0,76.0,378.0,136.0,206.0,310.0,182.0,138.0,121.0,62.0,155.0,69.0
26,"ASSOCIATE JUSTICE OF THE SUPREME COURT, PLACE 2         ",REP,Kelli Wise                            ,232.0,97.0,409.0,140.0,305.0,320.0,404.0,136.0,339.0,177.0,242.0,265.0,193.0,100.0,602.0,1.0,0.0,138.0,988.0,331.0,405.0,695.0,370.0,249.0,306.0,100.0,319.0,194.0
27,"ASSOCIATE JUSTICE OF THE SUPREME COURT, PLACE 2         ",NON,Write-In                              ,1.0,0.0,5.0,11.0,9.0,4.0,5.0,1.0,3.0,1.0,5.0,3.0,2.0,2.0,4.0,0.0,0.0,2.0,4.0,7.0,7.0,9.0,3.0,3.0,0.0,0.0,8.0,6.0
28,"ASSOCIATE JUSTICE OF THE SUPREME COURT, PLACE 2         ",   ,Over Votes                            ,0.0,0.0,0.0,0.0,0.0,1.0,0.0,0.0,0.0,0.0,0.0,0.0,0.0,0.0,0.0,0.0,0.0,0.0,0.0,0.0,0.0,1.0,0.0,0.0,0.0,0.0,0.0,0.0
29,"ASSOCIATE JUSTICE OF THE SUPREME COURT, PLACE 2         ",   ,Under Votes                           ,132.0,51.0,189.0,263.0,193.0,164.0,197.0,72.0,169.0,67.0,131.0,137.0,96.0,74.0,215.0,0.0,0.0,76.0,394.0,144.0,209.0,324.0,186.0,133.0,129.0,64.0,165.0,68.0
30,"ASSOCIATE JUSTICE OF THE SUPREME COURT, PLACE 3         ",REP,Tom Parker                            ,232.0,98.0,415.0,138.0,309.0,318.0,411.0,138.0,343.0,179.0,242.0,266.0,190.0,101.0,609.0,1.0,0.0,138.0,991.0,333.0,405.0,702.0,372.0,251.0,305.0,99.0,320.0,192.0
31,"ASSOCIATE JUSTICE OF THE SUPREME COURT, PLACE 3         ",NON,Write-In                              ,1.0,1.0,3.0,12.0,9.0,4.0,2.0,0.0,1.0,2.0,5.0,3.0,4.0,1.0,4.0,0.0,0.0,2.0,7.0,6.0,6.0,7.0,3.0,3.0,1.0,0.0,8.0,5.0
32,"ASSOCIATE JUSTICE OF THE SUPREME COURT, PLACE 3         ",   ,Over Votes                            ,0.0,0.0,0.0,0.0,0.0,0.0,0.0,0.0,0.0,0.0,0.0,0.0,0.0,0.0,0.0,0.0,0.0,0.0,0.0,0.0,0.0,0.0,0.0,0.0,0.0,0.0,0.0,0.0
33,"ASSOCIATE JUSTICE OF THE SUPREME COURT, PLACE 3         ",   ,Under Votes                           ,132.0,49.0,185.0,264.0,189.0,167.0,193.0,71.0,167.0,64.0,131.0,136.0,97.0,74.0,208.0,0.0,0.0,76.0,388.0,143.0,210.0,320.0,184.0,131.0,129.0,65.0,164.0,71.0
34,"PRESIDENT, PUBLIC SERVICE COMMISSION                    ",REP,Twinkle Andress Cavanaugh             ,236.0,94.0,407.0,133.0,308.0,313.0,395.0,139.0,332.0,183.0,244.0,261.0,189.0,102.0,596.0,1.0,0.0,131.0,969.0,330.0,404.0,682.0,374.0,243.0,297.0,96.0,310.0,191.0
35,"PRESIDENT, PUBLIC SERVICE COMMISSION                    ",NON,Write-In                              ,2.0,2.0,5.0,12.0,9.0,2.0,5.0,0.0,3.0,2.0,3.0,3.0,1.0,1.0,5.0,0.0,0.0,3.0,8.0,7.0,8.0,10.0,5.0,3.0,0.0,0.0,9.0,4.0
36,"PRESIDENT, PUBLIC SERVICE COMMISSION                    ",   ,Over Votes                            ,0.0,0.0,0.0,0.0,0.0,0.0,0.0,0.0,0.0,0.0,0.0,0.0,0.0,0.0,0.0,0.0,0.0,0.0,0.0,0.0,0.0,0.0,0.0,0.0,0.0,0.0,0.0,0.0
37,"PRESIDENT, PUBLIC SERVICE COMMISSION                    ",   ,Under Votes                           ,127.0,52.0,191.0,269.0,190.0,174.0,206.0,70.0,176.0,60.0,131.0,141.0,101.0,73.0,220.0,0.0,0.0,82.0,409.0,145.0,209.0,337.0,180.0,139.0,138.0,68.0,173.0,73.0
38,STATE BOARD OF EDUCATION MEMBER DISTRICT 7              ,REP,Jeff Newman                           ,232.0,94.0,399.0,136.0,311.0,301.0,391.0,131.0,332.0,175.0,238.0,264.0,183.0,101.0,597.0,1.0,0.0,134.0,961.0,322.0,395.0,676.0,362.0,242.0,294.0,94.0,303.0,194.0
39,STATE BOARD OF EDUCATION MEMBER DISTRICT 7              ,NON,Write-In                              ,1.0,1.0,4.0,6.0,7.0,2.0,4.0,0.0,2.0,2.0,3.0,1.0,1.0,2.0,4.0,0.0,0.0,2.0,5.0,5.0,7.0,10.0,4.0,3.0,1.0,0.0,7.0,3.0
40,STATE BOARD OF EDUCATION MEMBER DISTRICT 7              ,   ,Over Votes                            ,0.0,0.0,0.0,0.0,0.0,1.0,0.0,0.0,0.0,0.0,1.0,0.0,0.0,0.0,0.0,0.0,0.0,0.0,0.0,0.0,0.0,0.0,0.0,0.0,0.0,0.0,0.0,0.0
41,STATE BOARD OF EDUCATION MEMBER DISTRICT 7              ,   ,Under Votes                           ,132.0,53.0,200.0,272.0,189.0,185.0,211.0,78.0,177.0,68.0,136.0,140.0,107.0,73.0,220.0,0.0,0.0,80.0,420.0,155.0,219.0,343.0,193.0,140.0,140.0,70.0,182.0,71.0
42,"DISTRICT ATTORNEY, 34TH JUDICIAL CIRCUIT                ",DEM,Joey Rushing                          ,205.0,86.0,366.0,330.0,370.0,316.0,364.0,120.0,252.0,129.0,230.0,237.0,160.0,122.0,471.0,2.0,0.0,105.0,667.0,320.0,406.0,681.0,344.0,224.0,235.0,65.0,225.0,178.0
43,"DISTRICT ATTORNEY, 34TH JUDICIAL CIRCUIT                ",NON,Write-In                              ,1.0,1.0,9.0,5.0,8.0,4.0,12.0,1.0,5.0,5.0,5.0,3.0,2.0,1.0,19.0,0.0,0.0,1.0,23.0,9.0,11.0,5.0,5.0,7.0,5.0,3.0,9.0,3.0
44,"DISTRICT ATTORNEY, 34TH JUDICIAL CIRCUIT                ",   ,Over Votes                            ,0.0,0.0,0.0,0.0,0.0,0.0,0.0,0.0,0.0,0.0,0.0,0.0,0.0,0.0,0.0,0.0,0.0,0.0,1.0,0.0,0.0,0.0,0.0,0.0,0.0,0.0,0.0,0.0
45,"DISTRICT ATTORNEY, 34TH JUDICIAL CIRCUIT                ",   ,Under Votes                           ,159.0,63.0,228.0,79.0,129.0,169.0,230.0,88.0,254.0,111.0,143.0,165.0,129.0,53.0,331.0,0.0,0.0,110.0,695.0,153.0,204.0,343.0,210.0,154.0,195.0,96.0,258.0,87.0
46,PROPOSED STATEWIDE AMENDMENT NUMBER ONE (1)             ,NON,Yes-Statewide Amendment               ,137.0,63.0,294.0,205.0,253.0,248.0,234.0,92.0,229.0,100.0,174.0,175.0,119.0,109.0,398.0,1.0,0.0,69.0,618.0,254.0,306.0,492.0,266.0,172.0,174.0,53.0,193.0,138.0
47,PROPOSED STATEWIDE AMENDMENT NUMBER ONE (1)             ,NON,No-Statewide Amendment                ,74.0,23.0,153.0,53.0,84.0,89.0,105.0,46.0,104.0,64.0,70.0,67.0,54.0,29.0,179.0,0.0,0.0,48.0,239.0,104.0,124.0,203.0,123.0,83.0,82.0,36.0,83.0,65.0
48,PROPOSED STATEWIDE AMENDMENT NUMBER ONE (1)             ,   ,Over Votes                            ,0.0,0.0,1.0,0.0,0.0,0.0,0.0,0.0,0.0,0.0,0.0,1.0,0.0,0.0,0.0,0.0,0.0,1.0,0.0,1.0,1.0,0.0,0.0,0.0,1.0,2.0,0.0,0.0
49,PROPOSED STATEWIDE AMENDMENT NUMBER ONE (1)             ,   ,Under Votes                           ,154.0,63.0,155.0,156.0,170.0,152.0,267.0,71.0,178.0,81.0,134.0,162.0,118.0,38.0,244.0,0.0,0.0,98.0,529.0,123.0,190.0,334.0,170.0,130.0,178.0,73.0,216.0,65.0
50,PROPOSED STATEWIDE AMENDMENT NUMBER TWO (2)             ,NON,Yes-Statewide Amendment               ,170.0,69.0,396.0,226.0,298.0,279.0,332.0,136.0,294.0,122.0,226.0,231.0,171.0,121.0,506.0,3.0,0.0,111.0,812.0,323.0,384.0,645.0,358.0,229.0,255.0,91.0,254.0,171.0
51,PROPOSED STATEWIDE AMENDMENT NUMBER TWO (2)             ,NON,No-Statewide Amendment                ,66.0,29.0,112.0,60.0,89.0,89.0,106.0,34.0,87.0,62.0,65.0,66.0,50.0,31.0,167.0,0.0,0.0,33.0,186.0,75.0,101.0,166.0,110.0,69.0,82.0,20.0,79.0,48.0
52,PROPOSED STATEWIDE AMENDMENT NUMBER TWO (2)             ,   ,Over Votes                            ,1.0,0.0,0.0,1.0,1.0,1.0,0.0,0.0,1.0,0.0,0.0,0.0,0.0,0.0,0.0,0.0,0.0,0.0,2.0,1.0,0.0,1.0,1.0,1.0,0.0,0.0,1.0,1.0
53,PROPOSED STATEWIDE AMENDMENT NUMBER TWO (2)             ,   ,Under Votes                           ,128.0,52.0,95.0,127.0,119.0,120.0,168.0,39.0,129.0,61.0,87.0,108.0,70.0,24.0,148.0,0.0,0.0,72.0,386.0,83.0,136.0,217.0,90.0,86.0,98.0,53.0,158.0,48.0
54,PROPOSED STATEWIDE AMENDMENT NUMBER THREE (3)           ,NON,Yes-Statewide Amendment               ,112.0,45.0,301.0,156.0,209.0,233.0,224.0,90.0,175.0,91.0,172.0,149.0,119.0,78.0,373.0,1.0,0.0,70.0,589.0,236.0,275.0,484.0,235.0,150.0,166.0,63.0,162.0,130.0
55,PROPOSED STATEWIDE AMENDMENT NUMBER THREE (3)           ,NON,No-Statewide Amendment                ,93.0,37.0,157.0,107.0,125.0,94.0,140.0,47.0,152.0,73.0,82.0,92.0,53.0,55.0,218.0,1.0,0.0,46.0,268.0,117.0,151.0,205.0,147.0,90.0,97.0,35.0,108.0,71.0
56,PROPOSED STATEWIDE AMENDMENT NUMBER THREE (3)           ,   ,Over Votes                            ,1.0,0.0,0.0,1.0,0.0,0.0,0.0,0.0,0.0,0.0,0.0,0.0,0.0,0.0,0.0,0.0,0.0,0.0,0.0,1.0,1.0,0.0,0.0,0.0,0.0,0.0,0.0,0.0
57,PROPOSED STATEWIDE AMENDMENT NUMBER THREE (3)           ,   ,Under Votes                           ,159.0,68.0,145.0,150.0,173.0,162.0,242.0,72.0,184.0,81.0,124.0,164.0,119.0,43.0,230.0,0.0,0.0,100.0,529.0,128.0,194.0,340.0,177.0,145.0,172.0,66.0,222.0,67.0
58,PROPOSED STATEWIDE AMENDMENT NUMBER FOUR (4)            ,NON,Yes-Statewide Amendment               ,146.0,69.0,334.0,209.0,255.0,272.0,269.0,110.0,215.0,102.0,214.0,175.0,136.0,102.0,452.0,1.0,0.0,83.0,666.0,275.0,322.0,563.0,276.0,187.0,175.0,62.0,188.0,140.0
59,PROPOSED STATEWIDE AMENDMENT NUMBER FOUR (4)            ,NON,No-Statewide Amendment                ,67.0,19.0,154.0,65.0,99.0,75.0,103.0,37.0,127.0,73.0,54.0,76.0,48.0,36.0,156.0,1.0,0.0,36.0,230.0,91.0,122.0,161.0,116.0,70.0,95.0,36.0,89.0,66.0
60,PROPOSED STATEWIDE AMENDMENT NUMBER FOUR (4)            ,   ,Over Votes                            ,1.0,0.0,0.0,1.0,0.0,0.0,0.0,0.0,0.0,0.0,0.0,0.0,0.0,0.0,0.0,0.0,0.0,0.0,1.0,0.0,0.0,0.0,0.0,0.0,0.0,0.0,0.0,0.0
61,PROPOSED STATEWIDE AMENDMENT NUMBER FOUR (4)            ,   ,Under Votes                           ,151.0,61.0,115.0,139.0,153.0,142.0,234.0,62.0,169.0,70.0,110.0,154.0,107.0,38.0,213.0,0.0,0.0,97.0,489.0,116.0,177.0,305.0,167.0,128.0,165.0,66.0,215.0,62.0
62,PROPOSED STATEWIDE AMENDMENT NUMBER FIVE (5)            ,NON,Yes-Statewide Amendment               ,102.0,40.0,249.0,120.0,204.0,205.0,185.0,79.0,184.0,75.0,143.0,117.0,112.0,91.0,326.0,0.0,0.0,57.0,520.0,222.0,249.0,443.0,220.0,138.0,114.0,51.0,147.0,104.0
63,PROPOSED STATEWIDE AMENDMENT NUMBER FIVE (5)            ,NON,No-Statewide Amendment                ,94.0,35.0,213.0,126.0,114.0,121.0,145.0,59.0,141.0,84.0,95.0,114.0,53.0,45.0,234.0,0.0,0.0,46.0,290.0,111.0,171.0,234.0,158.0,93.0,138.0,44.0,112.0,87.0
64,PROPOSED STATEWIDE AMENDMENT NUMBER FIVE (5)            ,   ,Over Votes                            ,0.0,0.0,0.0,0.0,0.0,1.0,0.0,0.0,0.0,0.0,0.0,0.0,0.0,0.0,0.0,0.0,0.0,0.0,0.0,1.0,1.0,0.0,0.0,1.0,0.0,1.0,1.0,0.0
65,PROPOSED STATEWIDE AMENDMENT NUMBER FIVE (5)            ,   ,Under Votes                           ,169.0,74.0,141.0,168.0,189.0,162.0,276.0,71.0,186.0,86.0,140.0,174.0,126.0,40.0,261.0,0.0,0.0,113.0,576.0,148.0,200.0,352.0,181.0,153.0,183.0,68.0,232.0,77.0
66,PROPOSED STATEWIDE AMENDMENT NUMBER SIX (6)             ,NON,Yes-Statewide Amendment               ,86.0,28.0,251.0,107.0,174.0,201.0,163.0,86.0,161.0,78.0,145.0,123.0,103.0,75.0,298.0,0.0,0.0,48.0,453.0,180.0,225.0,418.0,178.0,123.0,141.0,42.0,130.0,103.0
67,PROPOSED STATEWIDE AMENDMENT NUMBER SIX (6)             ,NON,No-Statewide Amendment                ,98.0,45.0,193.0,125.0,124.0,118.0,160.0,49.0,149.0,76.0,94.0,104.0,57.0,57.0,239.0,0.0,0.0,51.0,324.0,141.0,179.0,226.0,171.0,100.0,104.0,44.0,118.0,87.0
68,PROPOSED STATEWIDE AMENDMENT NUMBER SIX (6)             ,   ,Over Votes                            ,0.0,0.0,1.0,0.0,0.0,0.0,0.0,0.0,1.0,0.0,0.0,1.0,1.0,0.0,0.0,0.0,0.0,0.0,0.0,0.0,0.0,1.0,0.0,2.0,0.0,0.0,0.0,0.0
69,PROPOSED STATEWIDE AMENDMENT NUMBER SIX (6)             ,   ,Under Votes                           ,181.0,77.0,158.0,182.0,209.0,170.0,283.0,74.0,200.0,91.0,139.0,177.0,130.0,44.0,284.0,0.0,0.0,117.0,609.0,161.0,217.0,384.0,210.0,160.0,190.0,78.0,244.0,78.0
70,PROPOSED STATEWIDE AMENDMENT NUMBER SEVEN (7)           ,NON,Yes-Statewide Amendment               ,99.0,31.0,184.0,100.0,153.0,167.0,126.0,48.0,116.0,61.0,111.0,84.0,75.0,65.0,260.0,0.0,0.0,41.0,363.0,139.0,206.0,304.0,158.0,96.0,110.0,21.0,119.0,81.0
71,PROPOSED STATEWIDE AMENDMENT NUMBER SEVEN (7)           ,NON,No-Statewide Amendment                ,61.0,26.0,130.0,110.0,102.0,93.0,97.0,40.0,112.0,59.0,72.0,50.0,43.0,35.0,155.0,0.0,0.0,35.0,213.0,100.0,128.0,151.0,93.0,76.0,59.0,34.0,101.0,59.0
72,PROPOSED STATEWIDE AMENDMENT NUMBER SEVEN (7)           ,   ,Over Votes                            ,1.0,0.0,0.0,0.0,0.0,0.0,0.0,0.0,0.0,0.0,0.0,0.0,1.0,0.0,0.0,0.0,0.0,0.0,0.0,0.0,0.0,0.0,0.0,0.0,0.0,0.0,0.0,0.0
73,PROPOSED STATEWIDE AMENDMENT NUMBER SEVEN (7)           ,   ,Under Votes                           ,204.0,92.0,289.0,204.0,252.0,229.0,383.0,121.0,283.0,125.0,195.0,271.0,172.0,76.0,406.0,0.0,0.0,140.0,810.0,243.0,287.0,574.0,308.0,213.0,266.0,109.0,272.0,128.0
74,PROPOSED STATEWIDE AMENDMENT NUMBER EIGHT (8)           ,NON,Yes-Statewide Amendment               ,132.0,63.0,263.0,137.0,188.0,198.0,219.0,74.0,219.0,84.0,173.0,141.0,101.0,82.0,388.0,2.0,0.0,65.0,576.0,221.0,226.0,473.0,235.0,142.0,169.0,49.0,173.0,117.0
75,PROPOSED STATEWIDE AMENDMENT NUMBER EIGHT (8)           ,NON,No-Statewide Amendment                ,78.0,25.0,209.0,112.0,132.0,146.0,148.0,72.0,129.0,72.0,97.0,113.0,73.0,56.0,206.0,0.0,0.0,47.0,296.0,134.0,197.0,232.0,164.0,115.0,108.0,47.0,100.0,83.0
76,PROPOSED STATEWIDE AMENDMENT NUMBER EIGHT (8)           ,   ,Over Votes                            ,1.0,1.0,1.0,0.0,0.0,0.0,0.0,0.0,0.0,3.0,0.0,0.0,0.0,0.0,0.0,0.0,0.0,0.0,0.0,0.0,0.0,0.0,1.0,0.0,0.0,0.0,0.0,0.0
77,PROPOSED STATEWIDE AMENDMENT NUMBER EIGHT (8)           ,   ,Under Votes                           ,154.0,61.0,130.0,165.0,187.0,145.0,239.0,63.0,163.0,86.0,108.0,151.0,117.0,38.0,227.0,0.0,0.0,104.0,514.0,127.0,198.0,324.0,159.0,128.0,158.0,68.0,219.0,68.0
78,PROPOSED STATEWIDE AMENDMENT NUMBER NINE (9)            ,NON,Yes-Statewide Amendment               ,72.0,25.0,118.0,75.0,124.0,133.0,92.0,32.0,91.0,44.0,89.0,65.0,56.0,46.0,199.0,0.0,0.0,31.0,280.0,110.0,160.0,224.0,123.0,84.0,75.0,17.0,90.0,64.0
79,PROPOSED STATEWIDE AMENDMENT NUMBER NINE (9)            ,NON,No-Statewide Amendment                ,78.0,34.0,176.0,127.0,115.0,113.0,124.0,47.0,116.0,68.0,94.0,67.0,46.0,51.0,203.0,0.0,0.0,41.0,256.0,116.0,152.0,187.0,109.0,82.0,88.0,33.0,109.0,72.0
80,PROPOSED STATEWIDE AMENDMENT NUMBER NINE (9)            ,   ,Over Votes                            ,0.0,0.0,0.0,1.0,0.0,0.0,0.0,0.0,2.0,0.0,0.0,0.0,0.0,0.0,0.0,0.0,0.0,0.0,0.0,0.0,0.0,0.0,0.0,0.0,0.0,0.0,0.0,0.0
81,PROPOSED STATEWIDE AMENDMENT NUMBER NINE (9)            ,   ,Under Votes                           ,215.0,90.0,309.0,211.0,268.0,243.0,390.0,130.0,302.0,133.0,195.0,273.0,189.0,79.0,419.0,0.0,0.0,144.0,850.0,256.0,309.0,618.0,327.0,219.0,272.0,114.0,293.0,132.0
82,PROPOSED STATEWIDE AMENDMENT NUMBER TEN (10)            ,NON,Yes-Statewide Amendment               ,86.0,29.0,142.0,135.0,136.0,154.0,99.0,41.0,117.0,49.0,102.0,69.0,53.0,58.0,225.0,0.0,0.0,33.0,323.0,123.0,173.0,261.0,130.0,71.0,98.0,29.0,111.0,79.0
83,PROPOSED STATEWIDE AMENDMENT NUMBER TEN (10)            ,NON,No-Statewide Amendment                ,61.0,26.0,151.0,63.0,102.0,89.0,111.0,38.0,96.0,65.0,72.0,58.0,48.0,37.0,171.0,0.0,0.0,39.0,220.0,102.0,127.0,145.0,105.0,89.0,63.0,24.0,91.0,61.0
84,PROPOSED STATEWIDE AMENDMENT NUMBER TEN (10)            ,   ,Over Votes                            ,0.0,0.0,0.0,0.0,0.0,0.0,0.0,0.0,0.0,0.0,0.0,0.0,0.0,0.0,0.0,0.0,0.0,0.0,0.0,0.0,0.0,0.0,1.0,1.0,0.0,0.0,0.0,0.0
85,PROPOSED STATEWIDE AMENDMENT NUMBER TEN (10)            ,   ,Under Votes                           ,218.0,93.0,310.0,216.0,269.0,246.0,396.0,130.0,298.0,131.0,204.0,278.0,190.0,81.0,425.0,0.0,0.0,144.0,843.0,257.0,321.0,623.0,323.0,224.0,274.0,111.0,290.0,128.0
86,PROPOSED STATEWIDE AMENDMENT NUMBER ELEVEN (11)         ,NON,Yes-Statewide Amendment               ,92.0,38.0,205.0,141.0,183.0,182.0,154.0,62.0,122.0,58.0,124.0,84.0,95.0,63.0,296.0,0.0,0.0,49.0,422.0,181.0,216.0,363.0,170.0,106.0,102.0,44.0,115.0,90.0
87,PROPOSED STATEWIDE AMENDMENT NUMBER ELEVEN (11)         ,NON,No-Statewide Amendment                ,86.0,34.0,214.0,87.0,119.0,135.0,162.0,61.0,162.0,96.0,109.0,127.0,62.0,64.0,249.0,0.0,0.0,48.0,340.0,150.0,186.0,260.0,182.0,106.0,120.0,42.0,128.0,94.0
88,PROPOSED STATEWIDE AMENDMENT NUMBER ELEVEN (11)         ,   ,Over Votes                            ,0.0,1.0,0.0,0.0,0.0,0.0,0.0,0.0,0.0,0.0,0.0,0.0,0.0,0.0,0.0,0.0,0.0,0.0,1.0,0.0,1.0,0.0,1.0,1.0,1.0,0.0,0.0,0.0
89,PROPOSED STATEWIDE AMENDMENT NUMBER ELEVEN (11)         ,   ,Under Votes                           ,187.0,76.0,184.0,186.0,205.0,172.0,290.0,86.0,227.0,91.0,145.0,194.0,134.0,49.0,276.0,0.0,0.0,119.0,623.0,151.0,218.0,406.0,206.0,172.0,212.0,78.0,249.0,84.0
90,PROPOSED STATEWIDE AMENDMENT NUMBER TWELVE (12)         ,NON,Yes-Statewide Amendment               ,62.0,20.0,121.0,116.0,132.0,123.0,84.0,31.0,76.0,32.0,76.0,46.0,56.0,49.0,165.0,1.0,0.0,26.0,249.0,102.0,146.0,224.0,97.0,71.0,54.0,14.0,90.0,61.0
91,PROPOSED STATEWIDE AMENDMENT NUMBER TWELVE (12)         ,NON,No-Statewide Amendment                ,99.0,42.0,218.0,89.0,128.0,130.0,159.0,59.0,145.0,91.0,105.0,108.0,68.0,54.0,270.0,0.0,0.0,49.0,347.0,149.0,190.0,272.0,172.0,103.0,123.0,44.0,136.0,85.0
92,PROPOSED STATEWIDE AMENDMENT NUMBER TWELVE (12)         ,   ,Over Votes                            ,0.0,0.0,0.0,0.0,0.0,0.0,0.0,0.0,0.0,0.0,0.0,0.0,0.0,0.0,0.0,0.0,0.0,0.0,0.0,0.0,0.0,0.0,0.0,0.0,0.0,0.0,0.0,1.0
93,PROPOSED STATEWIDE AMENDMENT NUMBER TWELVE (12)         ,   ,Under Votes                           ,204.0,87.0,264.0,209.0,247.0,236.0,363.0,119.0,290.0,122.0,197.0,251.0,167.0,73.0,386.0,0.0,0.0,141.0,790.0,231.0,285.0,533.0,290.0,211.0,258.0,106.0,266.0,121.0
94,PROPOSED STATEWIDE AMENDMENT NUMBER THIRTEEN (13)       ,NON,Yes-Statewide Amendment               ,87.0,35.0,219.0,160.0,180.0,192.0,142.0,65.0,172.0,61.0,142.0,109.0,88.0,72.0,295.0,1.0,0.0,55.0,448.0,186.0,223.0,374.0,202.0,121.0,120.0,52.0,128.0,103.0
95,PROPOSED STATEWIDE AMENDMENT NUMBER THIRTEEN (13)       ,NON,No-Statewide Amendment                ,108.0,42.0,232.0,72.0,120.0,131.0,193.0,66.0,142.0,98.0,100.0,114.0,73.0,55.0,261.0,0.0,0.0,38.0,346.0,153.0,192.0,281.0,163.0,107.0,124.0,41.0,131.0,85.0
96,PROPOSED STATEWIDE AMENDMENT NUMBER THIRTEEN (13)       ,   ,Over Votes                            ,0.0,0.0,1.0,0.0,0.0,0.0,0.0,0.0,1.0,0.0,0.0,0.0,0.0,0.0,0.0,0.0,0.0,0.0,1.0,0.0,0.0,0.0,1.0,0.0,0.0,0.0,0.0,0.0
97,PROPOSED STATEWIDE AMENDMENT NUMBER THIRTEEN (13)       ,   ,Under Votes                           ,170.0,72.0,151.0,182.0,207.0,166.0,271.0,78.0,196.0,86.0,136.0,182.0,130.0,49.0,265.0,0.0,0.0,123.0,591.0,143.0,206.0,374.0,193.0,157.0,191.0,71.0,233.0,80.0
98,PROPOSED STATEWIDE AMENDMENT NUMBER FOURTEEN (14)       ,NON,Yes-Statewide Amendment               ,103.0,39.0,296.0,172.0,218.0,224.0,191.0,94.0,194.0,81.0,174.0,124.0,105.0,85.0,353.0,0.0,0.0,62.0,558.0,225.0,286.0,497.0,217.0,139.0,170.0,56.0,168.0,109.0
99,PROPOSED STATEWIDE AMENDMENT NUMBER FOURTEEN (14)       ,NON,No-Statewide Amendment                ,82.0,32.0,164.0,72.0,96.0,99.0,125.0,37.0,119.0,74.0,68.0,87.0,49.0,37.0,196.0,0.0,0.0,39.0,246.0,107.0,126.0,153.0,141.0,79.0,76.0,31.0,99.0,78.0
100,PROPOSED STATEWIDE AMENDMENT NUMBER FOURTEEN (14)       ,   ,Over Votes                            ,0.0,0.0,0.0,0.0,0.0,0.0,0.0,0.0,0.0,0.0,0.0,0.0,1.0,0.0,0.0,0.0,0.0,0.0,2.0,0.0,0.0,2.0,0.0,0.0,0.0,0.0,0.0,0.0
101,PROPOSED STATEWIDE AMENDMENT NUMBER FOURTEEN (14)       ,   ,Under Votes                           ,180.0,78.0,143.0,170.0,193.0,166.0,290.0,78.0,198.0,90.0,136.0,194.0,136.0,54.0,272.0,0.0,0.0,115.0,580.0,150.0,209.0,377.0,201.0,167.0,189.0,77.0,225.0,81.0
102,"MEMBER, FRANKLIN COUNTY COMMISSION, DISTRICT NO. 1      ",DEM,Chris Fretwell                        ,132.0,58.0,216.0,292.0,261.0,202.0,214.0,82.0,130.0,63.0,150.0,148.0,88.0,91.0,254.0,2.0,0.0,66.0,315.0,212.0,276.0,343.0,213.0,152.0,164.0,40.0,111.0,118.0
103,"MEMBER, FRANKLIN COUNTY COMMISSION, DISTRICT NO. 1      ",REP,Chris Wallace                         ,197.0,74.0,346.0,93.0,212.0,265.0,332.0,114.0,317.0,158.0,195.0,215.0,182.0,78.0,512.0,2.0,0.0,134.0,906.0,247.0,316.0,638.0,310.0,210.0,231.0,103.0,309.0,133.0
104,"MEMBER, FRANKLIN COUNTY COMMISSION, DISTRICT NO. 1      ",NON,Write-In                              ,0.0,1.0,0.0,1.0,0.0,2.0,0.0,0.0,1.0,1.0,1.0,0.0,0.0,0.0,1.0,0.0,0.0,1.0,3.0,1.0,0.0,1.0,3.0,3.0,0.0,0.0,2.0,1.0
105,"MEMBER, FRANKLIN COUNTY COMMISSION, DISTRICT NO. 1      ",   ,Over Votes                            ,0.0,0.0,0.0,0.0,0.0,0.0,0.0,0.0,0.0,1.0,0.0,0.0,0.0,0.0,0.0,0.0,0.0,0.0,2.0,0.0,0.0,1.0,0.0,2.0,0.0,0.0,0.0,0.0
106,"MEMBER, FRANKLIN COUNTY COMMISSION, DISTRICT NO. 1      ",   ,Under Votes                           ,36.0,17.0,41.0,28.0,34.0,20.0,60.0,13.0,63.0,22.0,32.0,42.0,21.0,7.0,54.0,0.0,0.0,15.0,160.0,22.0,29.0,46.0,33.0,18.0,40.0,21.0,70.0,16.0
107,"MEMBER, FRANKLIN COUNTY COMMISSION, DISTRICT NO. 2      ",DEM,Terry Bolton                          ,126.0,61.0,221.0,279.0,244.0,217.0,205.0,107.0,143.0,75.0,183.0,145.0,96.0,81.0,271.0,3.0,0.0,75.0,381.0,204.0,250.0,424.0,207.0,148.0,150.0,49.0,128.0,115.0
108,"MEMBER, FRANKLIN COUNTY COMMISSION, DISTRICT NO. 2      ",REP,Jason Miller                          ,210.0,74.0,353.0,111.0,237.0,247.0,354.0,94.0,321.0,145.0,169.0,219.0,173.0,92.0,492.0,1.0,0.0,126.0,868.0,260.0,344.0,556.0,318.0,214.0,251.0,100.0,308.0,138.0
109,"MEMBER, FRANKLIN COUNTY COMMISSION, DISTRICT NO. 2      ",NON,Write-In                              ,0.0,1.0,0.0,3.0,0.0,0.0,0.0,0.0,1.0,1.0,0.0,0.0,0.0,0.0,1.0,0.0,0.0,0.0,1.0,1.0,0.0,1.0,1.0,1.0,1.0,0.0,2.0,1.0
110,"MEMBER, FRANKLIN COUNTY COMMISSION, DISTRICT NO. 2      ",   ,Over Votes                            ,0.0,0.0,0.0,0.0,1.0,0.0,0.0,0.0,1.0,0.0,2.0,0.0,0.0,0.0,0.0,0.0,0.0,0.0,2.0,1.0,0.0,0.0,0.0,1.0,0.0,0.0,0.0,0.0
111,"MEMBER, FRANKLIN COUNTY COMMISSION, DISTRICT NO. 2      ",   ,Under Votes                           ,29.0,14.0,29.0,21.0,25.0,25.0,47.0,8.0,45.0,24.0,24.0,41.0,22.0,3.0,57.0,0.0,0.0,15.0,134.0,16.0,27.0,48.0,33.0,21.0,33.0,15.0,54.0,14.0
112,"MEMBER, FRANKLIN COUNTY COMMISSION, DISTRICT NO. 3      ",DEM,Justin Boyles                         ,138.0,51.0,292.0,290.0,262.0,220.0,211.0,113.0,160.0,83.0,199.0,139.0,111.0,87.0,238.0,3.0,0.0,85.0,258.0,200.0,288.0,409.0,205.0,174.0,137.0,58.0,123.0,118.0
113,"MEMBER, FRANKLIN COUNTY COMMISSION, DISTRICT NO. 3      ",REP,Rayburn Massey                        ,205.0,86.0,295.0,93.0,217.0,235.0,336.0,88.0,319.0,147.0,156.0,223.0,150.0,81.0,512.0,1.0,0.0,119.0,1031.0,255.0,300.0,555.0,319.0,184.0,254.0,99.0,313.0,134.0
114,"MEMBER, FRANKLIN COUNTY COMMISSION, DISTRICT NO. 3      ",NON,Write-In                              ,0.0,0.0,1.0,2.0,0.0,0.0,0.0,0.0,0.0,1.0,1.0,0.0,0.0,0.0,2.0,0.0,0.0,0.0,1.0,1.0,0.0,0.0,2.0,0.0,0.0,0.0,2.0,1.0
115,"MEMBER, FRANKLIN COUNTY COMMISSION, DISTRICT NO. 3      ",   ,Over Votes                            ,0.0,0.0,0.0,0.0,0.0,1.0,0.0,0.0,0.0,0.0,0.0,0.0,0.0,0.0,0.0,0.0,0.0,0.0,0.0,0.0,1.0,1.0,0.0,0.0,0.0,0.0,1.0,0.0
116,"MEMBER, FRANKLIN COUNTY COMMISSION, DISTRICT NO. 3      ",   ,Under Votes                           ,22.0,13.0,15.0,29.0,28.0,33.0,59.0,8.0,32.0,14.0,22.0,43.0,30.0,8.0,69.0,0.0,0.0,12.0,96.0,26.0,32.0,64.0,33.0,27.0,44.0,7.0,53.0,15.0
117,"MEMBER, FRANKLIN COUNTY COMMISSION, DISTRICT NO. 4      ",DEM,Norris B Lewey                        ,124.0,52.0,215.0,258.0,215.0,166.0,135.0,82.0,109.0,71.0,136.0,97.0,78.0,77.0,180.0,4.0,0.0,69.0,316.0,144.0,243.0,317.0,168.0,116.0,107.0,50.0,89.0,79.0
118,"MEMBER, FRANKLIN COUNTY COMMISSION, DISTRICT NO. 4      ",REP,William David Hester                  ,210.0,85.0,347.0,128.0,256.0,285.0,401.0,112.0,382.0,153.0,203.0,248.0,181.0,88.0,570.0,0.0,0.0,131.0,1008.0,309.0,342.0,628.0,350.0,232.0,274.0,109.0,370.0,165.0
119,"MEMBER, FRANKLIN COUNTY COMMISSION, DISTRICT NO. 4      ",NON,Write-In                              ,0.0,0.0,0.0,3.0,0.0,1.0,0.0,0.0,0.0,1.0,0.0,0.0,0.0,0.0,1.0,0.0,0.0,0.0,2.0,3.0,0.0,1.0,1.0,0.0,0.0,0.0,2.0,1.0
120,"MEMBER, FRANKLIN COUNTY COMMISSION, DISTRICT NO. 4      ",   ,Over Votes                            ,0.0,0.0,0.0,0.0,0.0,1.0,1.0,0.0,0.0,0.0,0.0,0.0,0.0,0.0,1.0,0.0,0.0,0.0,2.0,0.0,0.0,1.0,0.0,1.0,0.0,0.0,0.0,0.0
121,"MEMBER, FRANKLIN COUNTY COMMISSION, DISTRICT NO. 4      ",   ,Under Votes                           ,31.0,13.0,41.0,25.0,36.0,36.0,69.0,15.0,20.0,20.0,39.0,60.0,32.0,11.0,69.0,0.0,0.0,16.0,58.0,26.0,36.0,82.0,40.0,36.0,54.0,5.0,31.0,23.0
122,"SUPERINTENDENT, FRANKLIN COUNTY BOARD OF EDUCATION      ",DEM,Donald Borden                         ,40.0,62.0,194.0,,,,294.0,77.0,99.0,63.0,129.0,198.0,82.0,74.0,345.0,2.0,0.0,59.0,174.0,159.0,,,296.0,149.0,165.0,32.0,55.0,96.0
123,"SUPERINTENDENT, FRANKLIN COUNTY BOARD OF EDUCATION      ",REP,Bart Moss                             ,82.0,38.0,128.0,,,,196.0,52.0,112.0,56.0,102.0,93.0,113.0,62.0,322.0,0.0,0.0,113.0,427.0,153.0,,,140.0,147.0,181.0,47.0,117.0,98.0
124,"SUPERINTENDENT, FRANKLIN COUNTY BOARD OF EDUCATION      ",IND,Greg Hamilton                         ,119.0,48.0,268.0,,,,107.0,71.0,284.0,123.0,132.0,108.0,84.0,37.0,147.0,1.0,0.0,38.0,751.0,157.0,,,116.0,79.0,85.0,81.0,311.0,69.0
125,"SUPERINTENDENT, FRANKLIN COUNTY BOARD OF EDUCATION      ",NON,Write-In                              ,0.0,0.0,0.0,,,,0.0,0.0,1.0,0.0,0.0,0.0,0.0,0.0,0.0,0.0,0.0,0.0,1.0,2.0,,,1.0,0.0,0.0,0.0,0.0,1.0
126,"SUPERINTENDENT, FRANKLIN COUNTY BOARD OF EDUCATION      ",   ,Over Votes                            ,0.0,0.0,0.0,,,,0.0,0.0,2.0,0.0,0.0,0.0,0.0,0.0,1.0,0.0,0.0,0.0,0.0,0.0,,,1.0,1.0,0.0,0.0,0.0,0.0
127,"SUPERINTENDENT, FRANKLIN COUNTY BOARD OF EDUCATION      ",   ,Under Votes                           ,5.0,0.0,13.0,,,,9.0,9.0,13.0,3.0,15.0,6.0,12.0,3.0,6.0,0.0,0.0,6.0,33.0,11.0,,,5.0,9.0,4.0,4.0,9.0,4.0
128,"MEMBER, FRANKLIN COUNTY BOARD OF EDUCATION,             ",DEM,Curtis Baker                          ,5.0,9.0,,,,,107.0,,,,,36.0,,,223.0,0.0,0.0,,,,,,149.0,,0.0,,,
129,"MEMBER, FRANKLIN COUNTY BOARD OF EDUCATION,             ",REP,Terry Welborn                         ,29.0,21.0,,,,,187.0,,,,,53.0,,,563.0,0.0,0.0,,,,,,254.0,,15.0,,,
130,"MEMBER, FRANKLIN COUNTY BOARD OF EDUCATION,             ",NON,Write-In                              ,0.0,0.0,,,,,1.0,,,,,0.0,,,1.0,0.0,0.0,,,,,,0.0,,0.0,,,
131,"MEMBER, FRANKLIN COUNTY BOARD OF EDUCATION,             ",   ,Over Votes                            ,0.0,0.0,,,,,0.0,,,,,0.0,,,0.0,0.0,0.0,,,,,,0.0,,0.0,,,
132,"MEMBER, FRANKLIN COUNTY BOARD OF EDUCATION,             ",   ,Under Votes                           ,0.0,0.0,,,,,11.0,,,,,3.0,,,34.0,0.0,0.0,,,,,,16.0,,1.0,,,
133,"MEMBER, FRANKLIN COUNTY BOARD OF EDUCATION,             ",DEM,Shannon D Oliver                      ,25.0,13.0,356.0,,,,,106.0,0.0,,235.0,,107.0,,,0.0,0.0,10.0,,217.0,,,,,,0.0,,91.0
134,"MEMBER, FRANKLIN COUNTY BOARD OF EDUCATION,             ",NON,Write-In                              ,2.0,0.0,9.0,,,,,0.0,0.0,,2.0,,2.0,,,0.0,0.0,0.0,,2.0,,,,,,0.0,,1.0
135,"MEMBER, FRANKLIN COUNTY BOARD OF EDUCATION,             ",   ,Over Votes                            ,0.0,0.0,0.0,,,,,0.0,0.0,,1.0,,0.0,,,0.0,0.0,0.0,,0.0,,,,,,0.0,,0.0
136,"MEMBER, FRANKLIN COUNTY BOARD OF EDUCATION,             ",   ,Under Votes                           ,20.0,10.0,203.0,,,,,55.0,0.0,,140.0,,91.0,,,0.0,0.0,5.0,,99.0,,,,,,0.0,,32.0
137,"CONSTABLE,  FRANKLIN COUNTY BEAT 1                      ",NON,Write-In                              ,3.0,,,,,,,,,,,,,,,0.0,,,,,,,,,15.0,,,
138,"CONSTABLE,  FRANKLIN COUNTY BEAT 1                      ",   ,Over Votes                            ,0.0,,,,,,,,,,,,,,,0.0,,,,,,,,,0.0,,,
139,"CONSTABLE,  FRANKLIN COUNTY BEAT 1                      ",   ,Under Votes                           ,19.0,,,,,,,,,,,,,,,0.0,,,,,,,,,420.0,,,
140,"CONSTABLE,  FRANKLIN COUNTY BEAT 2-1                    ",NON,Write-In                              ,0.0,,,,,,,,,,,,,,,0.0,,,,,,24.0,,,,,,
141,"CONSTABLE,  FRANKLIN COUNTY BEAT 2-1                    ",   ,Over Votes                            ,0.0,,,,,,,,,,,,,,,0.0,,,,,,0.0,,,,,,
142,"CONSTABLE,  FRANKLIN COUNTY BEAT 2-1                    ",   ,Under Votes                           ,44.0,,,,,,,,,,,,,,,0.0,,,,,,1005.0,,,,,,
143,"CONSTABLE,  FRANKLIN COUNTY BEAT 2-2                    ",DEM,Bobby Brown                           ,16.0,,,,332.0,,,,,,,,,,,0.0,,,,,,,,,,,,
144,"CONSTABLE,  FRANKLIN COUNTY BEAT 2-2                    ",NON,Write-In                              ,0.0,,,,6.0,,,,,,,,,,,0.0,,,,,,,,,,,,
145,"CONSTABLE,  FRANKLIN COUNTY BEAT 2-2                    ",   ,Over Votes                            ,0.0,,,,0.0,,,,,,,,,,,0.0,,,,,,,,,,,,
146,"CONSTABLE,  FRANKLIN COUNTY BEAT 2-2                    ",   ,Under Votes                           ,16.0,,,,169.0,,,,,,,,,,,0.0,,,,,,,,,,,,
147,"CONSTABLE,  FRANKLIN COUNTY BEAT 2-3                    ",NON,Write-In                              ,0.0,,,,,16.0,,,,,,,,,,0.0,,,,,,,,,,,,
148,"CONSTABLE,  FRANKLIN COUNTY BEAT 2-3                    ",   ,Over Votes                            ,0.0,,,,,0.0,,,,,,,,,,0.0,,,,,,,,,,,,
149,"CONSTABLE,  FRANKLIN COUNTY BEAT 2-3                    ",   ,Under Votes                           ,15.0,,,,,473.0,,,,,,,,,,0.0,,,,,,,,,,,,
150,"CONSTABLE,  FRANKLIN COUNTY BEAT 2-4                    ",NON,Write-In                              ,0.0,,,11.0,,,,,,,,,,,,0.0,,,,,,,,,,,,
151,"CONSTABLE,  FRANKLIN COUNTY BEAT 2-4                    ",   ,Over Votes                            ,0.0,,,0.0,,,,,,,,,,,,0.0,,,,,,,,,,,,
152,"CONSTABLE,  FRANKLIN COUNTY BEAT 2-4                    ",   ,Under Votes                           ,10.0,,,403.0,,,,,,,,,,,,0.0,,,,,,,,,,,,
153,"CONSTABLE,  FRANKLIN COUNTY BEAT 2-5                    ",NON,Write-In                              ,0.0,,,,,,,,,,,,,,,0.0,,,,,29.0,,,,,,,
154,"CONSTABLE,  FRANKLIN COUNTY BEAT 2-5                    ",   ,Over Votes                            ,0.0,,,,,,,,,,,,,,,0.0,,,,,0.0,,,,,,,
155,"CONSTABLE,  FRANKLIN COUNTY BEAT 2-5                    ",   ,Under Votes                           ,18.0,,,,,,,,,,,,,,,0.0,,,,,592.0,,,,,,,
156,"CONSTABLE,  FRANKLIN COUNTY BEAT 3                      ",NON,Write-In                              ,0.0,,,,,,,3.0,,,,,,,,0.0,,,,,,,,,,,,
157,"CONSTABLE,  FRANKLIN COUNTY BEAT 3                      ",   ,Over Votes                            ,0.0,,,,,,,0.0,,,,,,,,0.0,,,,,,,,,,,,
158,"CONSTABLE,  FRANKLIN COUNTY BEAT 3                      ",   ,Under Votes                           ,9.0,,,,,,,206.0,,,,,,,,0.0,,,,,,,,,,,,
159,"CONSTABLE,  FRANKLIN COUNTY BEAT 4                      ",NON,Write-In                              ,0.0,,,,,,,,,,,,,,,0.0,,,,,,,,,,5.0,,
160,"CONSTABLE,  FRANKLIN COUNTY BEAT 4                      ",   ,Over Votes                            ,0.0,,,,,,,,,,,,,,,0.0,,,,,,,,,,0.0,,
161,"CONSTABLE,  FRANKLIN COUNTY BEAT 4                      ",   ,Under Votes                           ,6.0,,,,,,,,,,,,,,,0.0,,,,,,,,,,159.0,,
162,"CONSTABLE,  FRANKLIN COUNTY BEAT 5                      ",NON,Write-In                              ,4.0,,,,,,,,,,,,,,,0.0,,,57.0,,,,,,,,,
163,"CONSTABLE,  FRANKLIN COUNTY BEAT 5                      ",   ,Over Votes                            ,0.0,,,,,,,,,,,,,,,0.0,,,0.0,,,,,,,,,
164,"CONSTABLE,  FRANKLIN COUNTY BEAT 5                      ",   ,Under Votes                           ,78.0,,,,,,,,,,,,,,,0.0,,,1329.0,,,,,,,,,
165,"CONSTABLE,  FRANKLIN COUNTY BEAT 6                      ",NON,Write-In                              ,0.0,,,,,,,,,,,,,,,0.0,,,,,,,,,,,16.0,
166,"CONSTABLE,  FRANKLIN COUNTY BEAT 6                      ",   ,Over Votes                            ,0.0,,,,,,,,,,,,,,,0.0,,,,,,,,,,,0.0,
167,"CONSTABLE,  FRANKLIN COUNTY BEAT 6                      ",   ,Under Votes                           ,36.0,,,,,,,,,,,,,,,0.0,,,,,,,,,,,476.0,
168,"CONSTABLE,  FRANKLIN COUNTY BEAT 7                      ",NON,Write-In                              ,0.0,,30.0,,,,,,,,,,,,,0.0,,,,,,,,,,,,
169,"CONSTABLE,  FRANKLIN COUNTY BEAT 7                      ",   ,Over Votes                            ,0.0,,0.0,,,,,,,,,,,,,0.0,,,,,,,,,,,,
170,"CONSTABLE,  FRANKLIN COUNTY BEAT 7                      ",   ,Under Votes                           ,23.0,,573.0,,,,,,,,,,,,,0.0,,,,,,,,,,,,
171,"CONSTABLE,  FRANKLIN COUNTY BEAT 8                      ",IND,Eddie Cantrell                        ,8.0,,,,,,,,,172.0,,,,,,0.0,,,,,,,,,,,,
172,"CONSTABLE,  FRANKLIN COUNTY BEAT 8                      ",NON,Write-In                              ,2.0,,,,,,,,,1.0,,,,,,0.0,,,,,,,,,,,,
173,"CONSTABLE,  FRANKLIN COUNTY BEAT 8                      ",   ,Over Votes                            ,0.0,,,,,,,,,0.0,,,,,,0.0,,,,,,,,,,,,
174,"CONSTABLE,  FRANKLIN COUNTY BEAT 8                      ",   ,Under Votes                           ,3.0,,,,,,,,,72.0,,,,,,0.0,,,,,,,,,,,,
175,"CONSTABLE,  FRANKLIN COUNTY BEAT 9                      ",NON,Write-In                              ,1.0,,,,,,,,,,,,,,45.0,0.0,,,,,,,,,,,,
176,"CONSTABLE,  FRANKLIN COUNTY BEAT 9                      ",   ,Over Votes                            ,0.0,,,,,,,,,,,,,,0.0,0.0,,,,,,,,,,,,
177,"CONSTABLE,  FRANKLIN COUNTY BEAT 9                      ",   ,Under Votes                           ,32.0,,,,,,,,,,,,,,776.0,0.0,,,,,,,,,,,,
178,"CONSTABLE,  FRANKLIN COUNTY BEAT 10                     ",NON,Write-In                              ,2.0,,,,,,,,,,,,,,,0.0,,,,30.0,,,,,,,,
179,"CONSTABLE,  FRANKLIN COUNTY BEAT 10                     ",   ,Over Votes                            ,0.0,,,,,,,,,,,,,,,0.0,,,,0.0,,,,,,,,
180,"CONSTABLE,  FRANKLIN COUNTY BEAT 10                     ",   ,Under Votes                           ,15.0,,,,,,,,,,,,,,,0.0,,,,452.0,,,,,,,,
181,"CONSTABLE,  FRANKLIN COUNTY BEAT 11                     ",NON,Write-In                              ,0.0,0.0,,,,,,,,,,,10.0,,,0.0,0.0,,,,,,,,,,,
182,"CONSTABLE,  FRANKLIN COUNTY BEAT 11                     ",   ,Over Votes                            ,0.0,0.0,,,,,,,,,,,0.0,,,0.0,0.0,,,,,,,,,,,
183,"CONSTABLE,  FRANKLIN COUNTY BEAT 11                     ",   ,Under Votes                           ,5.0,0.0,,,,,,,,,,,281.0,,,0.0,0.0,,,,,,,,,,,
184,"CONSTABLE,  FRANKLIN COUNTY BEAT 12                     ",NON,Write-In                              ,,0.0,,,,,,,,,,,,,,,0.0,10.0,,,,,,,,,,
185,"CONSTABLE,  FRANKLIN COUNTY BEAT 12                     ",   ,Over Votes                            ,,0.0,,,,,,,,,,,,,,,0.0,0.0,,,,,,,,,,
186,"CONSTABLE,  FRANKLIN COUNTY BEAT 12                     ",   ,Under Votes                           ,,13.0,,,,,,,,,,,,,,,0.0,206.0,,,,,,,,,,
187,"CONSTABLE,  FRANKLIN COUNTY BEAT 13                     ",NON,Write-In                              ,,0.0,,,,,,,,,,,,,,,0.0,,,,,,,17.0,,,,
188,"CONSTABLE,  FRANKLIN COUNTY BEAT 13                     ",   ,Over Votes                            ,,0.0,,,,,,,,,,,,,,,0.0,,,,,,,0.0,,,,
189,"CONSTABLE,  FRANKLIN COUNTY BEAT 13                     ",   ,Under Votes                           ,,10.0,,,,,,,,,,,,,,,0.0,,,,,,,368.0,,,,
190,"CONSTABLE,  FRANKLIN COUNTY BEAT 14                     ",NON,Write-In                              ,,1.0,,,,,,,22.0,,,,,,,,0.0,,,,,,,,,,,
191,"CONSTABLE,  FRANKLIN COUNTY BEAT 14                     ",   ,Over Votes                            ,,0.0,,,,,,,0.0,,,,,,,,0.0,,,,,,,,,,,
192,"CONSTABLE,  FRANKLIN COUNTY BEAT 14                     ",   ,Under Votes                           ,,24.0,,,,,,,489.0,,,,,,,,0.0,,,,,,,,,,,
193,"CONSTABLE,  FRANKLIN COUNTY BEAT 15                     ",NON,Write-In                              ,,1.0,,,,,,,,,,18.0,,,,,0.0,,,,,,,,,,,
194,"CONSTABLE,  FRANKLIN COUNTY BEAT 15                     ",   ,Over Votes                            ,,0.0,,,,,,,,,,0.0,,,,,0.0,,,,,,,,,,,
195,"CONSTABLE,  FRANKLIN COUNTY BEAT 15                     ",   ,Under Votes                           ,,21.0,,,,,,,,,,387.0,,,,,0.0,,,,,,,,,,,
196,"CONSTABLE,  FRANKLIN COUNTY BEAT 16                     ",NON,Write-In                              ,,1.0,,,,,,,,,,,,,,,0.0,,,,,,,,,,,9.0
197,"CONSTABLE,  FRANKLIN COUNTY BEAT 16                     ",   ,Over Votes                            ,,0.0,,,,,,,,,,,,,,,0.0,,,,,,,,,,,0.0
198,"CONSTABLE,  FRANKLIN COUNTY BEAT 16                     ",   ,Under Votes                           ,,5.0,,,,,,,,,,,,,,,0.0,,,,,,,,,,,259.0
199,"CONSTABLE,  FRANKLIN COUNTY BEAT 17                     ",NON,Write-In                              ,,2.0,,,,,,,,,19.0,,,,,,0.0,,,,,,,,,,,
200,"CONSTABLE,  FRANKLIN COUNTY BEAT 17                     ",   ,Over Votes                            ,,0.0,,,,,,,,,0.0,,,,,,0.0,,,,,,,,,,,
201,"CONSTABLE,  FRANKLIN COUNTY BEAT 17                     ",   ,Under Votes                           ,,14.0,,,,,,,,,359.0,,,,,,0.0,,,,,,,,,,,
202,"CONSTABLE,  FRANKLIN COUNTY BEAT 18                     ",NON,Write-In                              ,,5.0,,,,,,,,,,,,,,,0.0,,,,,,38.0,,,,,
203,"CONSTABLE,  FRANKLIN COUNTY BEAT 18                     ",   ,Over Votes                            ,,0.0,,,,,,,,,,,,,,,0.0,,,,,,0.0,,,,,
204,"CONSTABLE,  FRANKLIN COUNTY BEAT 18                     ",   ,Under Votes                           ,,20.0,,,,,,,,,,,,,,,0.0,,,,,,521.0,,,,,
205,"CONSTABLE,  FRANKLIN COUNTY BEAT 19                     ",NON,Write-In                              ,,0.0,,,,,31.0,,,,,,,,,,0.0,,,,,,,,,,,
206,"CONSTABLE,  FRANKLIN COUNTY BEAT 19                     ",   ,Over Votes                            ,,0.0,,,,,0.0,,,,,,,,,,0.0,,,,,,,,,,,
207,"CONSTABLE,  FRANKLIN COUNTY BEAT 19                     ",   ,Under Votes                           ,,26.0,,,,,575.0,,,,,,,,,,0.0,,,,,,,,,,,
208,"CONSTABLE,  FRANKLIN COUNTY BEAT 20                     ",NON,Write-In                              ,,0.0,,,,,,,,,,,,11.0,,,0.0,,,,,,,,,,,
209,"CONSTABLE,  FRANKLIN COUNTY BEAT 20                     ",   ,Over Votes                            ,,0.0,,,,,,,,,,,,0.0,,,0.0,,,,,,,,,,,
210,"CONSTABLE,  FRANKLIN COUNTY BEAT 20                     ",   ,Under Votes                           ,,3.0,,,,,,,,,,,,165.0,,,0.0,,,,,,,,,,,
211,FIRE DISTRICT NO. 1 - EAST FRANKLIN                     ,NON,Yes                                   ,14.0,10.0,,,,,273.0,,,,,,,15.0,,1.0,0.0,,,,,,,,321.0,,,0.0
212,FIRE DISTRICT NO. 1 - EAST FRANKLIN                     ,NON,No                                    ,5.0,4.0,,,,,55.0,,,,,,,2.0,,0.0,0.0,,,,,,,,76.0,,,0.0
213,FIRE DISTRICT NO. 1 - EAST FRANKLIN                     ,   ,Over Votes                            ,0.0,0.0,,,,,0.0,,,,,,,0.0,,0.0,0.0,,,,,,,,2.0,,,0.0
214,FIRE DISTRICT NO. 1 - EAST FRANKLIN                     ,   ,Under Votes                           ,3.0,1.0,,,,,63.0,,,,,,,3.0,,0.0,0.0,,,,,,,,36.0,,,0.0
215,FIRE DISTRICT NO. 2 - BLUE SPRINGS                      ,NON,Yes                                   ,1.0,16.0,,,,,131.0,,,,,,,0.0,5.0,1.0,0.0,,,0.0,,,62.0,,0.0,,,42.0
216,FIRE DISTRICT NO. 2 - BLUE SPRINGS                      ,NON,No                                    ,0.0,2.0,,,,,43.0,,,,,,,0.0,2.0,0.0,0.0,,,0.0,,,29.0,,0.0,,,22.0
217,FIRE DISTRICT NO. 2 - BLUE SPRINGS                      ,   ,Over Votes                            ,0.0,0.0,,,,,0.0,,,,,,,0.0,0.0,0.0,0.0,,,0.0,,,0.0,,0.0,,,0.0
218,FIRE DISTRICT NO. 2 - BLUE SPRINGS                      ,   ,Under Votes                           ,0.0,2.0,,,,,19.0,,,,,,,0.0,0.0,0.0,0.0,,,0.0,,,12.0,,0.0,,,16.0
219,FIRE DISTRICT NO. 3 - THARPTOWN                         ,NON,Yes                                   ,1.0,20.0,,,,,,,,,,,66.0,101.0,,1.0,0.0,122.0,,,,,,118.0,0.0,,,29.0
220,FIRE DISTRICT NO. 3 - THARPTOWN                         ,NON,No                                    ,0.0,2.0,,,,,,,,,,,35.0,27.0,,0.0,0.0,46.0,,,,,,66.0,0.0,,,18.0
221,FIRE DISTRICT NO. 3 - THARPTOWN                         ,   ,Over Votes                            ,0.0,0.0,,,,,,,,,,,0.0,0.0,,0.0,0.0,0.0,,,,,,0.0,0.0,,,0.0
222,FIRE DISTRICT NO. 3 - THARPTOWN                         ,   ,Under Votes                           ,0.0,1.0,,,,,,,,,,,40.0,28.0,,0.0,0.0,48.0,,,,,,52.0,0.0,,,18.0
223,FIRE DISTRICT NO. 4 - GRAVEL HILL                       ,NON,Yes                                   ,0.0,12.0,,,,,,,,0.0,,247.0,,,2.0,0.0,0.0,,,,,,1.0,,,,,
224,FIRE DISTRICT NO. 4 - GRAVEL HILL                       ,NON,No                                    ,0.0,4.0,,,,,,,,0.0,,77.0,,,0.0,0.0,0.0,,,,,,0.0,,,,,
225,FIRE DISTRICT NO. 4 - GRAVEL HILL                       ,   ,Over Votes                            ,0.0,0.0,,,,,,,,0.0,,0.0,,,0.0,0.0,0.0,,,,,,0.0,,,,,
226,FIRE DISTRICT NO. 4 - GRAVEL HILL                       ,   ,Under Votes                           ,1.0,6.0,,,,,,,,0.0,,37.0,,,0.0,0.0,0.0,,,,,,0.0,,,,,
227,FIRE DISTRICT NO. 5 - FRANKFORT                         ,NON,Yes                                   ,2.0,0.0,1.0,,,,,112.0,,,21.0,,,,,0.0,0.0,,,,,,,,,0.0,,
228,FIRE DISTRICT NO. 5 - FRANKFORT                         ,NON,No                                    ,6.0,0.0,6.0,,,,,65.0,,,10.0,,,,,0.0,0.0,,,,,,,,,0.0,,
229,FIRE DISTRICT NO. 5 - FRANKFORT                         ,   ,Over Votes                            ,0.0,0.0,0.0,,,,,0.0,,,0.0,,,,,0.0,0.0,,,,,,,,,0.0,,
230,FIRE DISTRICT NO. 5 - FRANKFORT                         ,   ,Under Votes                           ,1.0,0.0,1.0,,,,,32.0,,,3.0,,,,,0.0,0.0,,,,,,,,,0.0,,
231,FIRE DISTRICT NO. 6 - HODGES                            ,NON,Yes                                   ,6.0,0.0,,,,,,,,149.0,,0.0,,,,0.0,0.0,,,,,,,,,,12.0,
232,FIRE DISTRICT NO. 6 - HODGES                            ,NON,No                                    ,4.0,0.0,,,,,,,,64.0,,1.0,,,,0.0,0.0,,,,,,,,,,2.0,
233,FIRE DISTRICT NO. 6 - HODGES                            ,   ,Over Votes                            ,0.0,0.0,,,,,,,,0.0,,0.0,,,,0.0,0.0,,,,,,,,,,0.0,
234,FIRE DISTRICT NO. 6 - HODGES                            ,   ,Under Votes                           ,5.0,0.0,,,,,,,,23.0,,0.0,,,,0.0,0.0,,,,,,,,,,2.0,
235,FIRE DISTRICT NO. 7 - BURNOUT                           ,NON,Yes                                   ,0.0,15.0,16.0,,,,,,197.0,,,0.0,,,,0.0,0.0,,0.0,,,,,,,1.0,1.0,
236,FIRE DISTRICT NO. 7 - BURNOUT                           ,NON,No                                    ,3.0,4.0,14.0,,,,,,167.0,,,0.0,,,,0.0,0.0,,0.0,,,,,,,3.0,0.0,
237,FIRE DISTRICT NO. 7 - BURNOUT                           ,   ,Over Votes                            ,0.0,0.0,0.0,,,,,,1.0,,,0.0,,,,0.0,0.0,,0.0,,,,,,,0.0,0.0,
238,FIRE DISTRICT NO. 7 - BURNOUT                           ,   ,Under Votes                           ,0.0,4.0,10.0,,,,,,99.0,,,0.0,,,,0.0,0.0,,0.0,,,,,,,0.0,0.0,
239,FIRE DISTRICT NO. 8 - VINA                              ,NON,Yes                                   ,22.0,1.0,,,,,,,0.0,2.0,,,,,,0.0,0.0,,20.0,,,,,,,,266.0,
240,FIRE DISTRICT NO. 8 - VINA                              ,NON,No                                    ,4.0,0.0,,,,,,,0.0,3.0,,,,,,0.0,0.0,,6.0,,,,,,,,99.0,
241,FIRE DISTRICT NO. 8 - VINA                              ,   ,Over Votes                            ,0.0,0.0,,,,,,,0.0,0.0,,,,,,0.0,0.0,,0.0,,,,,,,,0.0,
242,FIRE DISTRICT NO. 8 - VINA                              ,   ,Under Votes                           ,1.0,0.0,,,,,,,0.0,4.0,,,,,,0.0,0.0,,12.0,,,,,,,,82.0,
243,FIRE DISTRICT NO. 9 - PLEASANT SITE                     ,NON,Yes                                   ,3.0,0.0,,,,,,0.0,0.0,,,,,,,0.0,0.0,,11.0,,,,,,,85.0,,
244,FIRE DISTRICT NO. 9 - PLEASANT SITE                     ,NON,No                                    ,1.0,0.0,,,,,,0.0,0.0,,,,,,,0.0,0.0,,7.0,,,,,,,41.0,,
245,FIRE DISTRICT NO. 9 - PLEASANT SITE                     ,   ,Over Votes                            ,0.0,0.0,,,,,,0.0,0.0,,,,,,,0.0,0.0,,0.0,,,,,,,0.0,,
246,FIRE DISTRICT NO. 9 - PLEASANT SITE                     ,   ,Under Votes                           ,1.0,0.0,,,,,,0.0,0.0,,,,,,,0.0,0.0,,4.0,,,,,,,30.0,,
